,f1-score,precision,recall,support
te03-0024,0.39999999999999997,0.375,0.42857142857142855,7.0
te03-0031,0.7692307692307692,0.8333333333333334,0.7142857142857143,7.0
te03-0032,0.5714285714285714,0.5714285714285714,0.5714285714285714,7.0
te03-0037,1.0,1.0,1.0,2.0
te03-0041,0.5,0.4166666666666667,0.625,8.0
te03-0046,0.4,0.3333333333333333,0.5,4.0
te03-0050,0.6,0.42857142857142855,1.0,3.0
te03-0054,1.0,1.0,1.0,2.0
te03-0062,0.6,1.0,0.42857142857142855,7.0
te03-0076,0.8,0.6666666666666666,1.0,6.0
te03-0088,0.8750000000000001,0.7777777777777778,1.0,7.0
te03-0091,0.25,0.16666666666666666,0.5,2.0
te03-0104,0.888888888888889,1.0,0.8,10.0
te03-0106,0.4,0.3333333333333333,0.5,2.0
te03-0125,0.28571428571428575,0.2,0.5,2.0
te03-0132,0.25,0.25,0.25,4.0
te03-0137,1.0,1.0,1.0,3.0
te03-0145,0.25,1.0,0.14285714285714285,7.0
te03-0162,0.8571428571428571,0.75,1.0,6.0
te03-0195,0.8571428571428571,0.75,1.0,6.0
te03-0211,0.5555555555555556,0.38461538461538464,1.0,5.0
te03-0213,0.8,1.0,0.6666666666666666,9.0
te03-0221,0.5454545454545454,0.42857142857142855,0.75,4.0
te03-0225,0.7272727272727272,0.6666666666666666,0.8,5.0
te03-0230,1.0,1.0,1.0,8.0
te03-0240,0.4615384615384615,0.375,0.6,5.0
te03-0276,0.6,0.5,0.75,4.0
te03-0284,0.923076923076923,1.0,0.8571428571428571,7.0
te03-0286,0.5333333333333333,0.5,0.5714285714285714,7.0
te03-0293,0.7777777777777777,0.875,0.7,10.0
te03-0313,0.0,0.0,0.0,4.0
te03-0317,0.28571428571428575,0.5,0.2,5.0
te03-0319,0.8333333333333333,0.7142857142857143,1.0,5.0
te03-0324,0.5,0.4,0.6666666666666666,3.0
te03-0335,0.8,0.6666666666666666,1.0,4.0
te03-0368,0.75,0.6666666666666666,0.8571428571428571,7.0
te03-0371,0.4615384615384615,0.6,0.375,8.0
te03-0407,0.5,0.5,0.5,4.0
te03-0416,0.8333333333333333,0.7142857142857143,1.0,5.0
te03-0422,0.6,0.6,0.6,5.0
te03-0436,1.0,1.0,1.0,11.0
te03-0440,0.7000000000000001,0.5384615384615384,1.0,7.0
te03-0441,0.2,0.16666666666666666,0.25,4.0
te03-0445,0.0,0.0,0.0,10.0
te03-0460,0.6666666666666666,0.5,1.0,4.0
te03-0466,0.8235294117647058,1.0,0.7,10.0
te03-0475,0.4,0.2857142857142857,0.6666666666666666,3.0
te03-0478,1.0,1.0,1.0,2.0
te03-0480,0.4615384615384615,0.42857142857142855,0.5,6.0
te03-0491,1.0,1.0,1.0,7.0
te03-0492,0.8571428571428571,0.75,1.0,6.0
te03-0496,0.7499999999999999,0.6,1.0,6.0
te03-0499,0.6666666666666665,0.6,0.75,4.0
te03-0513,1.0,1.0,1.0,6.0
te03-0524,0.5,1.0,0.3333333333333333,3.0
te03-0525,0.5,1.0,0.3333333333333333,3.0
te03-0552,0.7272727272727272,0.8,0.6666666666666666,6.0
te03-0586,0.8000000000000002,0.8,0.8,5.0
te03-0593,0.4,0.3333333333333333,0.5,6.0
te03-0603,1.0,1.0,1.0,7.0
te03-0604,0.9090909090909091,0.8333333333333334,1.0,5.0
te03-0608,0.75,0.6666666666666666,0.8571428571428571,7.0
te03-0611,0.6153846153846153,0.5714285714285714,0.6666666666666666,6.0
te03-0616,0.7499999999999999,0.6,1.0,3.0
te03-0620,0.25,0.5,0.16666666666666666,6.0
te03-0621,0.7692307692307692,0.7142857142857143,0.8333333333333334,6.0
te03-0632,0.8000000000000002,0.8,0.8,5.0
te03-0660,0.4000000000000001,0.4,0.4,5.0
te03-0676,0.888888888888889,0.8,1.0,8.0
te03-0704,0.923076923076923,0.8571428571428571,1.0,6.0
te03-0717,0.8333333333333334,0.8333333333333334,0.8333333333333334,6.0
te03-0730,0.923076923076923,1.0,0.8571428571428571,7.0
te03-0747,0.5,0.4,0.6666666666666666,3.0
te03-0750,0.6666666666666665,0.75,0.6,5.0
te03-0776,0.0,0.0,0.0,8.0
te03-0782,0.7272727272727272,0.8,0.6666666666666666,6.0
te03-0798,0.5714285714285715,0.4,1.0,2.0
te03-0811,0.5454545454545454,0.42857142857142855,0.75,4.0
te03-0819,0.3,0.1875,0.75,4.0
te03-0827,0.8,0.6666666666666666,1.0,4.0
te03-0848,0.9333333333333333,0.875,1.0,7.0
te03-0856,0.8571428571428571,1.0,0.75,8.0
te03-0858,0.6,0.5,0.75,4.0
te03-0864,0.6666666666666666,0.6666666666666666,0.6666666666666666,3.0
te03-0889,0.9,0.8181818181818182,1.0,9.0
te03-0892,0.7499999999999999,0.6,1.0,6.0
te03-0910,0.6666666666666665,0.6,0.75,4.0
te03-0927,0.8,0.6666666666666666,1.0,4.0
te03-0936,0.5714285714285715,0.6666666666666666,0.5,4.0
te03-0944,0.5882352941176471,0.4166666666666667,1.0,5.0
te03-0948,0.14285714285714288,0.25,0.1,10.0
te03-0950,0.9333333333333333,0.875,1.0,7.0
te03-0954,0.6666666666666666,0.6666666666666666,0.6666666666666666,9.0
te03-0960,0.7999999999999999,0.8571428571428571,0.75,8.0
te03-0975,0.4615384615384615,0.5,0.42857142857142855,7.0
te03-0978,0.16666666666666666,0.3333333333333333,0.1111111111111111,9.0
te03-0980,0.7499999999999999,0.6,1.0,3.0
te03-1007,0.0,0.0,0.0,5.0
te03-1009,0.9333333333333333,0.875,1.0,7.0
te03-1016,0.16666666666666666,0.1111111111111111,0.3333333333333333,3.0
te03-1025,0.2222222222222222,1.0,0.125,8.0
te03-1039,0.5555555555555556,0.5555555555555556,0.5555555555555556,9.0
te03-1051,0.923076923076923,1.0,0.8571428571428571,7.0
te03-1055,0.7499999999999999,0.6,1.0,6.0
te03-1059,1.0,1.0,1.0,5.0
te03-1067,0.823529411764706,0.7777777777777778,0.875,8.0
te03-1072,0.6666666666666667,0.5333333333333333,0.8888888888888888,9.0
te03-1079,0.9090909090909091,0.8333333333333334,1.0,5.0
te03-1086,0.923076923076923,0.8571428571428571,1.0,6.0
te03-1093,0.2857142857142857,1.0,0.16666666666666666,6.0
te03-1098,0.0,0.0,0.0,4.0
te03-1104,0.6666666666666666,0.5,1.0,1.0
te03-1105,0.3,0.1875,0.75,4.0
te03-1109,0.8235294117647058,0.7,1.0,7.0
te03-1110,0.33333333333333337,1.0,0.2,5.0
te03-1117,0.8333333333333333,0.7142857142857143,1.0,5.0
te03-1118,0.5,0.42857142857142855,0.6,5.0
te03-1133,0.8,0.6666666666666666,1.0,4.0
te03-1156,0.0,0.0,0.0,0.0
te03-1213,0.4444444444444444,0.3333333333333333,0.6666666666666666,3.0
te03-1216,0.0,0.0,0.0,6.0
te03-1230,0.5454545454545454,0.42857142857142855,0.75,4.0
te03-1291,0.30769230769230765,0.2222222222222222,0.5,4.0
te03-1318,0.3333333333333333,0.3333333333333333,0.3333333333333333,3.0
te03-1320,0.5,0.4,0.6666666666666666,3.0
te03-1325,0.7999999999999999,0.7272727272727273,0.8888888888888888,9.0
te03-1330,0.8571428571428571,0.75,1.0,6.0
te03-1334,0.8571428571428571,0.75,1.0,3.0
te03-1342,1.0,1.0,1.0,3.0
te03-1347,0.8,0.6666666666666666,1.0,6.0
te03-1365,0.9411764705882353,0.8888888888888888,1.0,8.0
te03-1372,0.16666666666666669,1.0,0.09090909090909091,11.0
te03-1377,0.4444444444444445,1.0,0.2857142857142857,7.0
te03-1398,0.8,0.6666666666666666,1.0,6.0
te03-1400,0.0,0.0,0.0,3.0
te04-0012,0.33333333333333337,1.0,0.2,5.0
te04-0037,0.7142857142857143,0.625,0.8333333333333334,6.0
te04-0071,0.8333333333333334,0.8333333333333334,0.8333333333333334,6.0
te04-0092,0.8571428571428571,1.0,0.75,8.0
te04-0103,0.6666666666666666,0.5,1.0,3.0
te04-0107,0.7272727272727272,0.6666666666666666,0.8,5.0
te04-0125,0.7999999999999999,0.75,0.8571428571428571,7.0
te04-0141,1.0,1.0,1.0,5.0
te04-0149,0.5,0.3333333333333333,1.0,3.0
te04-0153,0.6666666666666666,0.7777777777777778,0.5833333333333334,12.0
te04-0154,0.5,0.4,0.6666666666666666,3.0
te04-0172,0.7692307692307693,0.625,1.0,5.0
te04-0203,0.5714285714285715,0.6666666666666666,0.5,4.0
te04-0215,0.7368421052631577,0.7,0.7777777777777778,9.0
te04-0235,0.9090909090909091,1.0,0.8333333333333334,6.0
te04-0241,0.5,0.3333333333333333,1.0,3.0
te04-0253,0.7692307692307692,0.8333333333333334,0.7142857142857143,7.0
te04-0257,0.6666666666666666,0.5714285714285714,0.8,5.0
te04-0268,0.75,0.75,0.75,4.0
te04-0272,0.36363636363636365,0.6666666666666666,0.25,8.0
te04-0280,1.0,1.0,1.0,3.0
te04-0303,0.75,0.75,0.75,4.0
te04-0329,0.9411764705882353,0.8888888888888888,1.0,8.0
te04-0346,0.0,0.0,0.0,6.0
te04-0350,0.42857142857142855,0.6,0.3333333333333333,9.0
te04-0353,0.0,0.0,0.0,4.0
te04-0361,1.0,1.0,1.0,7.0
te04-0373,0.4444444444444445,1.0,0.2857142857142857,7.0
te04-0378,0.6666666666666665,0.75,0.6,5.0
te04-0384,0.8333333333333333,0.7142857142857143,1.0,5.0
te04-0398,0.8000000000000002,0.8,0.8,5.0
te04-0406,0.761904761904762,0.6153846153846154,1.0,8.0
te04-0416,0.8750000000000001,1.0,0.7777777777777778,9.0
te04-0424,0.7058823529411765,0.6666666666666666,0.75,8.0
te04-0449,0.33333333333333337,1.0,0.2,5.0
te04-0467,0.5,0.375,0.75,4.0
te04-0477,0.4444444444444445,1.0,0.2857142857142857,7.0
te04-0479,0.5454545454545454,0.375,1.0,3.0
te04-0483,0.7058823529411764,0.8571428571428571,0.6,10.0
te04-0489,0.6250000000000001,0.5555555555555556,0.7142857142857143,7.0
te04-0496,0.5,0.6,0.42857142857142855,7.0
te04-0497,0.75,0.75,0.75,4.0
te04-0510,0.9411764705882353,0.8888888888888888,1.0,8.0
te04-0543,0.8571428571428571,0.75,1.0,6.0
te04-0564,0.888888888888889,0.8,1.0,4.0
te04-0574,0.26666666666666666,0.2857142857142857,0.25,8.0
te04-0581,0.3636363636363636,0.3333333333333333,0.4,5.0
te04-0582,0.47619047619047616,0.3125,1.0,5.0
te04-0596,0.7999999999999999,0.75,0.8571428571428571,7.0
te04-0624,0.0,0.0,0.0,3.0
te04-0641,0.7142857142857143,0.5555555555555556,1.0,5.0
te04-0665,0.2222222222222222,0.16666666666666666,0.3333333333333333,3.0
te04-0697,0.5,0.3333333333333333,1.0,2.0
te04-0707,0.7499999999999999,0.6,1.0,6.0
te04-0721,0.5882352941176471,0.625,0.5555555555555556,9.0
te04-0729,0.5,0.6666666666666666,0.4,5.0
te04-0758,0.5454545454545454,1.0,0.375,8.0
te04-0761,0.6,1.0,0.42857142857142855,7.0
te04-0775,0.8235294117647058,0.7,1.0,7.0
te04-0779,0.8571428571428571,1.0,0.75,4.0
te04-0797,0.6,0.5454545454545454,0.6666666666666666,9.0
te04-0811,0.4444444444444444,0.3333333333333333,0.6666666666666666,3.0
te04-0813,0.9333333333333333,1.0,0.875,8.0
te04-0832,0.6666666666666665,0.6,0.75,4.0
te04-0838,0.7000000000000001,0.5384615384615384,1.0,7.0
te04-0842,0.5333333333333333,0.5714285714285714,0.5,8.0
te04-0845,0.4,0.3333333333333333,0.5,4.0
te04-0849,0.7272727272727273,1.0,0.5714285714285714,7.0
te04-0857,0.9411764705882353,0.8888888888888888,1.0,8.0
te04-0885,0.19999999999999998,1.0,0.1111111111111111,9.0
te04-0889,0.5,0.5,0.5,4.0
te04-0895,0.9411764705882353,0.8888888888888888,1.0,8.0
te04-0897,0.7692307692307693,1.0,0.625,8.0
te04-0899,0.30769230769230765,0.3333333333333333,0.2857142857142857,7.0
te04-0901,0.6666666666666666,0.5,1.0,3.0
te04-0906,0.4444444444444445,0.4,0.5,4.0
te04-0932,0.5714285714285715,0.5,0.6666666666666666,6.0
te04-0953,0.6153846153846153,0.5714285714285714,0.6666666666666666,6.0
te04-0962,0.7272727272727273,0.5714285714285714,1.0,4.0
te04-0970,0.0,0.0,0.0,9.0
te04-0976,0.5,1.0,0.3333333333333333,3.0
te04-0990,0.7777777777777778,0.6363636363636364,1.0,7.0
te04-0992,0.0,0.0,0.0,6.0
te04-1018,0.9473684210526316,0.9,1.0,9.0
te04-1035,0.9090909090909091,0.8333333333333334,1.0,5.0
te04-1046,0.7058823529411764,0.6,0.8571428571428571,7.0
te04-1047,0.5333333333333333,0.5714285714285714,0.5,8.0
te04-1086,0.8888888888888888,0.8888888888888888,0.8888888888888888,9.0
te04-1118,0.0,0.0,0.0,3.0
te04-1130,0.3333333333333333,0.3333333333333333,0.3333333333333333,3.0
te05-0038,0.9333333333333333,0.875,1.0,7.0
te05-0043,0.6153846153846154,0.8,0.5,8.0
te05-0073,0.8181818181818181,0.6923076923076923,1.0,9.0
te05-0082,0.42857142857142855,0.3333333333333333,0.6,5.0
te05-0088,0.888888888888889,1.0,0.8,5.0
te05-0108,0.7999999999999999,0.8571428571428571,0.75,8.0
te05-0126,0.6666666666666666,0.8,0.5714285714285714,7.0
te05-0130,0.9090909090909091,0.8333333333333334,1.0,5.0
te05-0131,0.7499999999999999,0.6,1.0,3.0
te05-0165,0.0,0.0,0.0,4.0
te05-0173,0.42857142857142855,0.5,0.375,8.0
te05-0177,0.9333333333333333,0.875,1.0,7.0
te05-0194,1.0,1.0,1.0,4.0
te05-0209,0.6666666666666665,0.75,0.6,5.0
te05-0271,0.4,1.0,0.25,4.0
te05-0272,0.9473684210526316,0.9,1.0,9.0
te05-0280,0.888888888888889,0.8,1.0,8.0
te05-0283,0.7692307692307692,0.7142857142857143,0.8333333333333334,6.0
te05-0290,0.8571428571428571,1.0,0.75,4.0
te05-0314,0.9411764705882353,1.0,0.8888888888888888,9.0
te05-0339,0.923076923076923,0.8571428571428571,1.0,6.0
te05-0347,0.6666666666666666,0.5714285714285714,0.8,5.0
te05-0351,0.75,0.75,0.75,4.0
te05-0365,1.0,1.0,1.0,8.0
te05-0369,0.888888888888889,1.0,0.8,5.0
te05-0371,0.0,0.0,0.0,7.0
te05-0388,1.0,1.0,1.0,5.0
te05-0401,0.36363636363636365,0.6666666666666666,0.25,8.0
te05-0402,0.6666666666666666,1.0,0.5,6.0
te05-0450,0.8333333333333333,0.7142857142857143,1.0,5.0
te05-0451,0.6666666666666666,0.5,1.0,4.0
te05-0457,0.0,0.0,0.0,5.0
te05-0473,0.7058823529411765,0.6666666666666666,0.75,8.0
te05-0518,0.0,0.0,0.0,7.0
te05-0540,0.5714285714285715,0.5,0.6666666666666666,3.0
te05-0541,0.3333333333333333,0.2857142857142857,0.4,5.0
te05-0551,0.5,0.42857142857142855,0.6,5.0
te05-0555,1.0,1.0,1.0,6.0
te05-0571,0.888888888888889,0.8,1.0,4.0
te05-0584,0.8571428571428571,0.75,1.0,3.0
te05-0606,0.5882352941176471,0.45454545454545453,0.8333333333333334,6.0
te05-0616,0.5714285714285714,0.4444444444444444,0.8,5.0
te05-0626,0.22222222222222224,0.5,0.14285714285714285,7.0
te05-0628,0.5714285714285715,0.6666666666666666,0.5,4.0
te05-0658,0.8333333333333334,0.8333333333333334,0.8333333333333334,6.0
te05-0660,0.7058823529411764,0.5454545454545454,1.0,6.0
te05-0661,0.2857142857142857,0.2222222222222222,0.4,5.0
te05-0684,1.0,1.0,1.0,6.0
te05-0693,0.9090909090909091,0.8333333333333334,1.0,5.0
te05-0695,0.7368421052631577,0.7777777777777778,0.7,10.0
te05-0697,0.7272727272727272,0.6666666666666666,0.8,5.0
te05-0700,0.9090909090909091,0.8333333333333334,1.0,5.0
te05-0708,0.6,0.5,0.75,4.0
te05-0717,0.6153846153846153,0.4444444444444444,1.0,4.0
te05-0722,0.14285714285714288,0.16666666666666666,0.125,8.0
te05-0731,0.2857142857142857,1.0,0.16666666666666666,6.0
te05-0747,0.923076923076923,1.0,0.8571428571428571,7.0
te05-0786,0.4761904761904762,0.38461538461538464,0.625,8.0
te05-0804,0.75,0.75,0.75,4.0
te05-0810,0.4444444444444445,0.5,0.4,5.0
te05-0830,0.25,0.2,0.3333333333333333,3.0
te05-0832,0.0,0.0,0.0,5.0
te05-0862,1.0,1.0,1.0,7.0
te05-0887,0.0,0.0,0.0,3.0
te05-0901,0.5454545454545454,0.6,0.5,6.0
te05-0908,0.6666666666666666,0.7142857142857143,0.625,8.0
te05-0922,0.2857142857142857,1.0,0.16666666666666666,6.0
te05-0942,0.2,0.5,0.125,8.0
te05-0950,0.9333333333333333,0.875,1.0,7.0
te05-0953,0.7499999999999999,0.6,1.0,3.0
te05-0997,0.42857142857142855,0.3333333333333333,0.6,5.0
te05-0998,0.8000000000000002,0.8,0.8,5.0
te05-1001,0.9411764705882353,1.0,0.8888888888888888,9.0
te05-1016,0.6,0.6,0.6,5.0
te05-1019,0.4,1.0,0.25,4.0
te05-1036,0.7272727272727273,0.5714285714285714,1.0,4.0
te05-1038,0.8421052631578948,0.7272727272727273,1.0,8.0
te05-1044,0.4444444444444445,1.0,0.2857142857142857,7.0
te05-1049,0.75,0.75,0.75,8.0
te05-1062,0.7142857142857143,0.5555555555555556,1.0,5.0
te05-1069,0.6666666666666666,1.0,0.5,6.0
te05-1073,1.0,1.0,1.0,4.0
te05-1075,0.3333333333333333,0.25,0.5,4.0
te05-1079,0.8571428571428571,0.8571428571428571,0.8571428571428571,7.0
te05-1124,0.823529411764706,0.7777777777777778,0.875,8.0
te05-1143,0.888888888888889,0.8,1.0,4.0
te05-1155,0.5,0.5,0.5,8.0
te05-1164,0.6,0.5454545454545454,0.6666666666666666,9.0
te05-1204,0.5454545454545454,1.0,0.375,8.0
te05-1246,0.8181818181818182,0.75,0.9,10.0
te05-1249,0.8571428571428571,0.75,1.0,3.0
te05-1251,0.6,0.75,0.5,6.0
te05-1254,0.4,1.0,0.25,4.0
te05-1267,0.8461538461538461,0.8461538461538461,0.8461538461538461,13.0
te05-1281,0.33333333333333337,1.0,0.2,10.0
te05-1296,0.7142857142857143,0.7142857142857143,0.7142857142857143,7.0
te05-1331,1.0,1.0,1.0,5.0
te05-1334,0.6666666666666665,0.6,0.75,8.0
te05-1335,0.6666666666666666,0.6666666666666666,0.6666666666666666,3.0
te05-1352,0.5714285714285715,0.6666666666666666,0.5,4.0
te05-1378,0.631578947368421,0.5,0.8571428571428571,7.0
te05-1380,0.8571428571428571,0.75,1.0,6.0
te05-1390,0.0,0.0,0.0,5.0
te05-1416,0.6153846153846153,0.4444444444444444,1.0,4.0
te05-1421,0.4615384615384615,0.3,1.0,3.0
te05-1427,1.0,1.0,1.0,10.0
te05-1436,0.588235294117647,0.5,0.7142857142857143,7.0
te05-1439,0.7272727272727272,0.8,0.6666666666666666,6.0
te05-1470,0.6666666666666666,0.6666666666666666,0.6666666666666666,9.0
te05-1484,0.923076923076923,0.8571428571428571,1.0,6.0
te05-1495,0.6666666666666666,1.0,0.5,6.0
te05-1500,0.75,0.6666666666666666,0.8571428571428571,7.0
te05-1505,0.875,0.875,0.875,8.0
te05-1517,0.6666666666666665,0.8571428571428571,0.5454545454545454,11.0
te05-1525,0.9090909090909091,1.0,0.8333333333333334,6.0
te05-1529,0.5454545454545454,0.5,0.6,5.0
te05-1530,0.8,0.6666666666666666,1.0,6.0
te05-1548,0.0,0.0,0.0,5.0
te05-1552,0.9333333333333333,1.0,0.875,8.0
te05-1557,0.8000000000000002,0.8,0.8,5.0
te05-1559,0.4444444444444445,0.5,0.4,5.0
te05-1578,0.8000000000000002,0.8,0.8,5.0
te05-1587,0.36363636363636365,0.25,0.6666666666666666,3.0
te05-1588,0.6666666666666666,0.5,1.0,4.0
te05-1592,0.7058823529411764,0.6,0.8571428571428571,7.0
te05-1605,0.7692307692307692,0.7142857142857143,0.8333333333333334,6.0
te05-1621,0.7058823529411764,0.8571428571428571,0.6,10.0
te05-1626,0.8235294117647058,0.7,1.0,7.0
te05-1627,0.8888888888888888,0.8888888888888888,0.8888888888888888,9.0
te05-1628,0.3529411764705882,0.75,0.23076923076923078,13.0
te05-1633,0.7499999999999999,0.6,1.0,3.0
te05-1634,0.8,0.6666666666666666,1.0,4.0
te05-1640,0.888888888888889,1.0,0.8,5.0
te05-1658,0.8000000000000002,0.8,0.8,5.0
te05-1660,0.6666666666666666,1.0,0.5,4.0
te05-1665,0.7777777777777778,0.6363636363636364,1.0,7.0
te05-1667,0.8333333333333333,0.7142857142857143,1.0,5.0
te05-1672,0.875,0.875,0.875,8.0
te05-1680,0.8571428571428571,0.75,1.0,3.0
te05-1685,0.8000000000000002,0.8,0.8,5.0
te05-1697,0.888888888888889,0.8,1.0,4.0
te05-1701,1.0,1.0,1.0,8.0
te05-1703,0.6666666666666665,0.75,0.6,5.0
te05-1724,0.1818181818181818,0.2,0.16666666666666666,6.0
te05-1827,0.75,0.75,0.75,4.0
te05-1828,0.8333333333333333,1.0,0.7142857142857143,7.0
te05-1830,0.7142857142857143,0.7142857142857143,0.7142857142857143,7.0
te06-0001,0.16666666666666666,0.14285714285714285,0.2,5.0
te06-0002,0.0,0.0,0.0,6.0
te06-0016,0.9333333333333333,0.875,1.0,7.0
te06-0021,0.2,0.14285714285714285,0.3333333333333333,3.0
te06-0031,0.75,0.75,0.75,8.0
te06-0032,0.8571428571428572,0.8181818181818182,0.9,10.0
te06-0033,0.5714285714285715,1.0,0.4,5.0
te06-0034,0.7999999999999999,0.75,0.8571428571428571,7.0
te06-0038,0.0,0.0,0.0,6.0
te06-0040,0.888888888888889,0.8,1.0,4.0
te06-0045,0.8,0.6666666666666666,1.0,6.0
te06-0047,0.8000000000000002,0.8,0.8,5.0
te06-0067,0.888888888888889,1.0,0.8,5.0
te06-0071,0.923076923076923,1.0,0.8571428571428571,7.0
te06-0072,0.36363636363636365,0.5,0.2857142857142857,7.0
te06-0088,0.5,0.6666666666666666,0.4,10.0
te06-0105,0.4444444444444445,0.5,0.4,10.0
te06-0123,0.3333333333333333,0.6666666666666666,0.2222222222222222,9.0
te06-0131,0.7692307692307692,0.7142857142857143,0.8333333333333334,6.0
te06-0143,0.0,0.0,0.0,4.0
te06-0149,0.8333333333333333,0.7142857142857143,1.0,5.0
te06-0162,0.5714285714285714,0.4444444444444444,0.8,5.0
te06-0179,0.6666666666666666,1.0,0.5,10.0
te06-0208,0.8333333333333334,0.8333333333333334,0.8333333333333334,6.0
te06-0209,0.5555555555555556,0.45454545454545453,0.7142857142857143,7.0
te06-0235,0.888888888888889,0.8,1.0,4.0
te06-0237,0.6,0.5,0.75,4.0
te06-0248,0.8333333333333334,0.8333333333333334,0.8333333333333334,6.0
te06-0252,0.28571428571428575,0.2,0.5,2.0
te06-0260,0.4,1.0,0.25,4.0
te06-0266,0.4,0.5,0.3333333333333333,3.0
te06-0287,0.875,0.875,0.875,8.0
te06-0293,0.5454545454545454,0.5,0.6,5.0
te06-0305,1.0,1.0,1.0,4.0
te06-0321,0.4444444444444444,0.3333333333333333,0.6666666666666666,3.0
te06-0338,1.0,1.0,1.0,6.0
te06-0342,0.6666666666666666,0.6666666666666666,0.6666666666666666,6.0
te06-0357,0.7142857142857143,0.625,0.8333333333333334,6.0
te06-0367,0.6666666666666665,0.6,0.75,4.0
te06-0395,0.5,0.3333333333333333,1.0,4.0
te06-0396,0.7142857142857143,0.625,0.8333333333333334,6.0
te06-0412,0.9333333333333333,0.875,1.0,7.0
te06-0413,0.8,1.0,0.6666666666666666,6.0
te06-0428,0.19999999999999998,1.0,0.1111111111111111,9.0
te06-0442,0.6666666666666666,1.0,0.5,2.0
te06-0445,0.7500000000000001,0.8181818181818182,0.6923076923076923,13.0
te06-0455,0.3333333333333333,0.5,0.25,4.0
te06-0461,0.5454545454545454,0.5,0.6,5.0
te06-0482,0.0,0.0,0.0,5.0
te06-0484,0.8333333333333333,0.7142857142857143,1.0,5.0
te06-0493,0.75,0.75,0.75,4.0
te06-0518,0.7692307692307693,0.625,1.0,5.0
te06-0519,0.7272727272727272,0.6666666666666666,0.8,5.0
te06-0540,0.7272727272727273,0.5714285714285714,1.0,4.0
te06-0543,0.4,0.5,0.3333333333333333,6.0
te06-0546,0.875,0.875,0.875,8.0
te06-0581,0.7058823529411764,0.5454545454545454,1.0,6.0
te06-0585,0.30769230769230765,0.2222222222222222,0.5,4.0
te06-0597,0.6666666666666667,0.5384615384615384,0.875,8.0
te06-0613,0.9166666666666666,1.0,0.8461538461538461,13.0
te06-0614,0.6666666666666666,0.6666666666666666,0.6666666666666666,6.0
te06-0623,0.4,0.26666666666666666,0.8,5.0
te06-0629,0.18181818181818182,1.0,0.1,10.0
te06-0635,0.8,0.6666666666666666,1.0,6.0
te06-0641,0.8,0.6666666666666666,1.0,4.0
te06-0642,0.75,0.75,0.75,8.0
te06-0645,0.5714285714285714,0.4444444444444444,0.8,5.0
te06-0666,0.8571428571428571,0.8571428571428571,0.8571428571428571,7.0
te06-0667,0.4444444444444445,0.5,0.4,5.0
te06-0669,0.5,1.0,0.3333333333333333,6.0
te06-0681,0.7000000000000001,0.5833333333333334,0.875,8.0
te06-0692,0.7499999999999999,0.6,1.0,3.0
te06-0695,0.6,0.75,0.5,6.0
te06-0699,0.7058823529411764,0.5454545454545454,1.0,6.0
te06-0713,0.9333333333333333,1.0,0.875,8.0
te06-0717,0.7999999999999999,0.8571428571428571,0.75,8.0
te06-0731,0.2857142857142857,0.16666666666666666,1.0,1.0
te06-0744,0.7272727272727273,0.5714285714285714,1.0,4.0
te06-0748,0.923076923076923,1.0,0.8571428571428571,7.0
te06-0766,0.5,0.4,0.6666666666666666,3.0
te06-0770,0.9411764705882353,0.8888888888888888,1.0,8.0
te06-0793,0.6666666666666665,0.6,0.75,4.0
te06-0796,1.0,1.0,1.0,5.0
te06-0813,0.0,0.0,0.0,9.0
te06-0816,0.6666666666666666,0.6666666666666666,0.6666666666666666,3.0
te06-0828,0.888888888888889,0.8,1.0,4.0
te06-0840,0.2857142857142857,1.0,0.16666666666666666,6.0
te06-0848,0.8571428571428571,1.0,0.75,4.0
te06-0849,0.8333333333333334,0.8333333333333334,0.8333333333333334,6.0
te06-0857,0.28571428571428575,0.3333333333333333,0.25,4.0
te06-0867,0.33333333333333337,1.0,0.2,5.0
te06-0872,0.5,1.0,0.3333333333333333,3.0
te06-0873,0.6666666666666666,0.5,1.0,3.0
te06-0896,0.5333333333333333,0.4444444444444444,0.6666666666666666,6.0
te06-1008,0.5454545454545454,0.6,0.5,6.0
te06-1110,0.9333333333333333,0.875,1.0,7.0
te06-1118,0.923076923076923,0.8571428571428571,1.0,6.0
te06-1130,0.4615384615384615,0.5,0.42857142857142855,7.0
te06-1177,0.3636363636363636,1.0,0.2222222222222222,9.0
te07-0004,0.923076923076923,1.0,0.8571428571428571,7.0
te07-0006,0.8750000000000001,1.0,0.7777777777777778,9.0
te07-0007,1.0,1.0,1.0,2.0
te07-0009,0.46153846153846156,0.3333333333333333,0.75,4.0
te07-0014,0.6666666666666666,1.0,0.5,4.0
te07-0020,0.6,0.75,0.5,6.0
te07-0051,0.8,0.6666666666666666,1.0,4.0
te07-0052,0.6666666666666666,1.0,0.5,8.0
te07-0057,0.0,0.0,0.0,7.0
te07-0060,0.5333333333333333,0.5,0.5714285714285714,7.0
te07-0062,0.7692307692307693,0.625,1.0,5.0
te07-0063,0.7272727272727272,0.6666666666666666,0.8,5.0
te07-0070,0.9333333333333333,0.875,1.0,7.0
te07-0096,0.631578947368421,0.5454545454545454,0.75,8.0
te07-0117,0.0,0.0,0.0,7.0
te07-0122,0.7272727272727273,0.5714285714285714,1.0,4.0
te07-0128,0.7999999999999999,0.75,0.8571428571428571,7.0
te07-0146,0.7368421052631579,0.5833333333333334,1.0,7.0
te07-0149,0.6666666666666666,0.6666666666666666,0.6666666666666666,3.0
te07-0158,0.8571428571428571,0.8571428571428571,0.8571428571428571,7.0
te07-0172,0.6666666666666666,1.0,0.5,4.0
te07-0175,0.0,0.0,0.0,6.0
te07-0177,0.6666666666666666,1.0,0.5,6.0
te07-0185,0.4444444444444445,0.5,0.4,10.0
te07-0218,0.9090909090909091,1.0,0.8333333333333334,6.0
te07-0226,0.8,0.6666666666666666,1.0,4.0
te07-0233,0.5714285714285715,0.5,0.6666666666666666,3.0
te07-0234,0.0,0.0,0.0,5.0
te07-0252,0.0,0.0,0.0,3.0
te07-0270,0.6153846153846153,0.5714285714285714,0.6666666666666666,6.0
te07-0271,0.4,0.5,0.3333333333333333,9.0
te07-0287,0.5,1.0,0.3333333333333333,6.0
te07-0289,0.8571428571428571,0.75,1.0,3.0
te07-0311,0.4,0.5,0.3333333333333333,3.0
te07-0316,0.33333333333333337,1.0,0.2,5.0
te07-0328,0.5714285714285715,0.5,0.6666666666666666,6.0
te07-0331,0.923076923076923,0.8571428571428571,1.0,6.0
te07-0348,0.0,0.0,0.0,4.0
te07-0356,0.8571428571428571,1.0,0.75,4.0
te07-0361,1.0,1.0,1.0,6.0
te07-0365,0.5,0.3333333333333333,1.0,3.0
te07-0378,0.7692307692307693,1.0,0.625,8.0
te07-0405,0.8571428571428571,0.8571428571428571,0.8571428571428571,7.0
te07-0417,0.5333333333333333,0.4444444444444444,0.6666666666666666,6.0
te07-0433,1.0,1.0,1.0,4.0
te07-0447,0.0,0.0,0.0,4.0
te07-0476,0.75,0.8571428571428571,0.6666666666666666,9.0
te07-0480,0.5,1.0,0.3333333333333333,3.0
te07-0493,0.4615384615384615,0.6,0.375,8.0
te07-0495,0.2857142857142857,1.0,0.16666666666666666,6.0
te07-0496,0.4444444444444445,1.0,0.2857142857142857,7.0
te07-0510,0.4,0.26666666666666666,0.8,5.0
te07-0515,0.6153846153846154,0.5,0.8,5.0
te07-0518,0.7499999999999999,0.6,1.0,6.0
te07-0547,0.5,0.42857142857142855,0.6,5.0
te07-0550,0.3636363636363636,0.4,0.3333333333333333,6.0
te07-0552,0.6,0.5,0.75,4.0
te07-0556,1.0,1.0,1.0,4.0
te07-0573,0.0,0.0,0.0,4.0
te07-0597,0.4,0.3333333333333333,0.5,2.0
te07-0613,0.0,0.0,0.0,8.0
te07-0617,0.923076923076923,0.8571428571428571,1.0,6.0
te07-0644,0.888888888888889,1.0,0.8,5.0
te07-0671,0.8000000000000002,0.8,0.8,5.0
te07-0674,0.8,0.6666666666666666,1.0,6.0
te07-0677,0.0,0.0,0.0,6.0
te07-0682,0.5454545454545454,0.6,0.5,6.0
te07-0683,0.888888888888889,0.8,1.0,8.0
te07-0692,0.7272727272727272,0.6666666666666666,0.8,5.0
te07-0693,0.18181818181818182,1.0,0.1,10.0
te07-0694,0.5714285714285715,0.5,0.6666666666666666,3.0
te07-0699,0.7272727272727272,0.6666666666666666,0.8,5.0
te07-0704,0.7692307692307692,0.7142857142857143,0.8333333333333334,6.0
te07-0706,1.0,1.0,1.0,5.0
te07-0715,0.5454545454545454,0.75,0.42857142857142855,7.0
te07-0740,0.7142857142857143,0.7142857142857143,0.7142857142857143,7.0
te07-0742,0.7499999999999999,1.0,0.6,5.0
te07-0746,0.8000000000000002,0.8,0.8,5.0
te07-0749,0.5,0.6666666666666666,0.4,5.0
te07-0754,0.8,0.6666666666666666,1.0,6.0
te07-0778,1.0,1.0,1.0,4.0
te07-0779,0.14285714285714288,0.3333333333333333,0.09090909090909091,11.0
te07-0785,0.8888888888888888,0.8888888888888888,0.8888888888888888,9.0
te07-0797,0.7272727272727272,0.6666666666666666,0.8,5.0
te07-0799,0.5454545454545454,0.75,0.42857142857142855,7.0
te07-0813,0.0,0.0,0.0,3.0
te07-0816,0.25,0.25,0.25,4.0
te07-0831,0.0,0.0,0.0,6.0
te07-0838,0.9473684210526316,0.9,1.0,9.0
te07-0839,0.6666666666666665,0.6,0.75,4.0
te07-0840,0.7777777777777778,0.6363636363636364,1.0,7.0
te07-0844,0.6666666666666666,1.0,0.5,8.0
te07-0851,0.7499999999999999,0.6,1.0,3.0
te07-0898,0.7692307692307693,1.0,0.625,8.0
te07-0903,0.8571428571428571,1.0,0.75,4.0
te07-0917,0.4444444444444444,0.3333333333333333,0.6666666666666666,3.0
te07-0965,0.6666666666666666,0.6666666666666666,0.6666666666666666,6.0
te08-0019,0.7272727272727272,0.6666666666666666,0.8,5.0
te08-0100,0.35294117647058826,0.21428571428571427,1.0,3.0
te08-0102,0.5263157894736842,0.35714285714285715,1.0,5.0
te08-0207,0.3333333333333333,0.5,0.25,4.0
te08-0210,1.0,1.0,1.0,4.0
te08-0215,0.15384615384615385,0.2,0.125,8.0
te08-0223,0.6,1.0,0.42857142857142855,7.0
te08-0225,0.9411764705882353,0.8888888888888888,1.0,8.0
te08-0258,0.8333333333333334,0.8333333333333334,0.8333333333333334,6.0
te08-0262,0.8571428571428572,0.8181818181818182,0.9,10.0
te08-0278,0.5,0.4,0.6666666666666666,3.0
te08-0281,0.6153846153846154,0.5,0.8,5.0
te08-0317,0.7692307692307693,0.625,1.0,5.0
te08-0320,0.4,1.0,0.25,4.0
te08-0321,1.0,1.0,1.0,6.0
te08-0352,0.7272727272727273,1.0,0.5714285714285714,7.0
te09-0001,0.8571428571428571,1.0,0.75,8.0
te09-0003,0.5555555555555556,0.38461538461538464,1.0,5.0
te09-0032,0.588235294117647,0.5,0.7142857142857143,7.0
te09-0046,0.0,0.0,0.0,3.0
te09-0084,0.6666666666666666,0.5,1.0,3.0
te09-0094,0.16666666666666666,0.1111111111111111,0.3333333333333333,3.0
te09-0117,0.8750000000000001,0.7777777777777778,1.0,7.0
te09-0118,0.75,0.75,0.75,4.0
te09-0121,0.9090909090909091,0.8333333333333334,1.0,5.0
te09-0123,0.6666666666666667,0.5555555555555556,0.8333333333333334,6.0
te09-0133,0.6666666666666666,0.5,1.0,1.0
te09-0137,0.25,1.0,0.14285714285714285,7.0
te09-0145,0.8571428571428571,0.75,1.0,6.0
te09-0149,1.0,1.0,1.0,4.0
te09-0151,0.7272727272727272,0.6666666666666666,0.8,5.0
te09-0156,0.8,1.0,0.6666666666666666,3.0
te09-0167,0.8235294117647058,0.7,1.0,7.0
te09-0171,0.0,0.0,0.0,6.0
te09-0174,0.9523809523809523,1.0,0.9090909090909091,11.0
te09-0193,0.18181818181818182,0.25,0.14285714285714285,7.0
te09-0222,0.2,0.3333333333333333,0.14285714285714285,7.0
te09-0228,0.6666666666666666,0.7142857142857143,0.625,8.0
te09-0231,0.7058823529411765,0.6666666666666666,0.75,8.0
te09-0248,0.3076923076923077,0.25,0.4,5.0
te09-0272,0.8,0.6666666666666666,1.0,2.0
te09-0277,0.7692307692307693,0.625,1.0,5.0
te09-0285,1.0,1.0,1.0,11.0
te09-0289,0.2857142857142857,1.0,0.16666666666666666,6.0
te09-0300,0.5,1.0,0.3333333333333333,6.0
te09-0301,0.4444444444444444,0.3333333333333333,0.6666666666666666,3.0
te09-0310,0.8,0.6666666666666666,1.0,4.0
te09-0312,0.6153846153846153,1.0,0.4444444444444444,9.0
te09-0315,0.7777777777777778,0.7777777777777778,0.7777777777777778,9.0
te09-0343,0.625,0.5,0.8333333333333334,6.0
te09-0380,0.7999999999999999,0.8571428571428571,0.75,8.0
te09-0386,0.4,1.0,0.25,8.0
te09-0391,0.6,1.0,0.42857142857142855,7.0
te09-0407,0.2857142857142857,0.4,0.2222222222222222,9.0
te09-0415,0.5454545454545454,0.5,0.6,5.0
te09-0429,0.4444444444444445,1.0,0.2857142857142857,7.0
te09-0458,1.0,1.0,1.0,6.0
te09-0468,0.888888888888889,0.8,1.0,4.0
te09-0481,0.7058823529411764,0.5454545454545454,1.0,6.0
te09-0502,0.8,0.6666666666666666,1.0,4.0
te09-0521,0.7142857142857143,0.5555555555555556,1.0,5.0
te09-0538,0.8571428571428571,1.0,0.75,4.0
te09-0548,0.3333333333333333,0.3333333333333333,0.3333333333333333,6.0
te09-0549,0.0,0.0,0.0,2.0
te09-0550,0.8571428571428571,0.8571428571428571,0.8571428571428571,7.0
te09-0554,0.8,1.0,0.6666666666666666,6.0
te09-0566,0.888888888888889,0.8,1.0,4.0
te09-0582,0.5000000000000001,0.36363636363636365,0.8,5.0
te09-0585,0.6,0.42857142857142855,1.0,3.0
te09-0589,0.75,0.75,0.75,4.0
te09-0601,0.6,0.5,0.75,4.0
te09-0605,0.75,0.75,0.75,4.0
te09-0645,0.6,0.5,0.75,4.0
te10-0041,0.28571428571428575,0.25,0.3333333333333333,3.0
te10-0062,0.7272727272727272,0.6666666666666666,0.8,5.0
te10-0075,0.888888888888889,1.0,0.8,5.0
te10-0107,0.9411764705882353,0.8888888888888888,1.0,8.0
te10-0143,0.5555555555555556,0.625,0.5,10.0
te10-0145,0.6,0.6,0.6,5.0
te10-0168,1.0,1.0,1.0,6.0
te10-0180,0.4,0.5,0.3333333333333333,6.0
te10-0186,0.5714285714285715,1.0,0.4,5.0
te10-0208,0.2553191489361702,0.14634146341463414,1.0,6.0
te10-0230,0.823529411764706,0.7777777777777778,0.875,8.0
te10-0244,0.3333333333333333,0.5,0.25,4.0
te10-0262,0.5,0.3333333333333333,1.0,3.0
te10-0276,0.8,1.0,0.6666666666666666,6.0
te10-0279,0.8333333333333333,0.7142857142857143,1.0,5.0
te10-0299,0.5714285714285714,0.4444444444444444,0.8,5.0
te10-0337,0.5555555555555556,0.5555555555555556,0.5555555555555556,9.0
te10-0374,0.0,0.0,0.0,3.0
te10-0397,0.7058823529411765,0.6666666666666666,0.75,8.0
te10-0428,0.7999999999999999,0.8571428571428571,0.75,8.0
te10-0451,0.5,0.3333333333333333,1.0,2.0
te10-0490,0.9,0.9,0.9,10.0
te10-0503,0.888888888888889,0.8,1.0,8.0
te10-0532,0.0,0.0,0.0,5.0
te10-0552,1.0,1.0,1.0,3.0
te10-0560,0.7499999999999999,0.6,1.0,3.0
te10-0574,0.6666666666666666,0.6666666666666666,0.6666666666666666,6.0
te10-0605,0.0,0.0,0.0,3.0
te10-0631,0.8,0.6666666666666666,1.0,4.0
te10-0637,0.0,0.0,0.0,4.0
te10-0649,0.75,0.75,0.75,4.0
te10-0657,0.9411764705882353,1.0,0.8888888888888888,9.0
te10-0679,0.5882352941176471,1.0,0.4166666666666667,12.0
te10-0684,0.6666666666666666,1.0,0.5,6.0
te10-0738,0.9473684210526316,0.9,1.0,9.0
te10-0755,0.7272727272727273,0.5714285714285714,1.0,4.0
te10-0759,1.0,1.0,1.0,7.0
te10-0766,0.36363636363636365,0.6666666666666666,0.25,8.0
te10-0774,0.8,1.0,0.6666666666666666,3.0
te10-0791,0.4,0.3333333333333333,0.5,4.0
te10-0819,0.5,1.0,0.3333333333333333,6.0
te10-0859,0.25,0.5,0.16666666666666666,6.0
te11-0005,0.4444444444444445,0.4,0.5,4.0
te11-0014,0.8571428571428571,0.75,1.0,6.0
te11-0026,0.3333333333333333,0.25,0.5,6.0
te11-0045,0.4285714285714285,0.75,0.3,10.0
te11-0057,0.5454545454545454,0.6,0.5,6.0
te11-0066,0.15384615384615385,0.2,0.125,8.0
te11-0067,0.5714285714285715,0.5,0.6666666666666666,6.0
te11-0075,0.8,0.6666666666666666,1.0,10.0
te11-0077,0.888888888888889,0.8,1.0,8.0
te11-0093,0.6666666666666665,0.6,0.75,4.0
te11-0112,0.6666666666666665,0.6,0.75,4.0
te11-0117,0.4,0.5,0.3333333333333333,6.0
te11-0131,0.3636363636363636,0.3333333333333333,0.4,5.0
te11-0141,0.4,0.2857142857142857,0.6666666666666666,3.0
te11-0164,0.6,1.0,0.42857142857142855,7.0
te11-0167,1.0,1.0,1.0,7.0
te11-0170,1.0,1.0,1.0,3.0
te11-0173,0.4615384615384615,0.375,0.6,5.0
te11-0189,0.5,0.5,0.5,4.0
te11-0196,0.2857142857142857,1.0,0.16666666666666666,6.0
te11-0313,0.0,0.0,0.0,5.0
te11-0321,0.28571428571428575,0.3333333333333333,0.25,4.0
te11-0330,0.18181818181818182,0.14285714285714285,0.25,4.0
te11-0336,0.7499999999999999,0.6,1.0,3.0
te11-0340,0.0,0.0,0.0,9.0
te11-0346,0.4285714285714285,0.75,0.3,10.0
te11-0348,0.4,0.5,0.3333333333333333,3.0
te11-0351,0.8,0.6666666666666666,1.0,4.0
te11-0353,0.6666666666666665,0.75,0.6,5.0
te11-0360,0.25,1.0,0.14285714285714285,7.0
te11-0369,0.761904761904762,0.6153846153846154,1.0,8.0
te11-0374,0.22222222222222224,0.5,0.14285714285714285,7.0
te11-0384,0.8000000000000002,0.8,0.8,5.0
te11-0389,0.888888888888889,1.0,0.8,10.0
te11-0390,0.4,1.0,0.25,4.0
te11-0394,0.8571428571428571,0.75,1.0,6.0
te11-0409,0.8333333333333334,0.8333333333333334,0.8333333333333334,6.0
te11-0412,0.75,0.75,0.75,4.0
te11-0425,0.7272727272727272,0.6666666666666666,0.8,5.0
te11-0444,0.4,0.3,0.6,5.0
te11-0477,0.25,0.25,0.25,4.0
te11-0480,0.5,0.42857142857142855,0.6,5.0
te11-0482,0.6,0.75,0.5,6.0
te11-0488,0.3333333333333333,0.3333333333333333,0.3333333333333333,6.0
te11-0489,0.4444444444444445,1.0,0.2857142857142857,7.0
te11-0506,0.5714285714285715,0.6666666666666666,0.5,4.0
te11-0511,0.22222222222222224,0.5,0.14285714285714285,7.0
te11-0517,0.2,0.3333333333333333,0.14285714285714285,7.0
te11-0526,0.0,0.0,0.0,9.0
te11-0538,0.7692307692307693,0.625,1.0,5.0
te11-0554,0.6,0.42857142857142855,1.0,3.0
te11-0557,1.0,1.0,1.0,8.0
te11-0559,0.761904761904762,0.7272727272727273,0.8,10.0
te11-0583,0.6666666666666666,0.5,1.0,4.0
te11-0588,0.0,0.0,0.0,1.0
te11-0601,0.25,0.3333333333333333,0.2,5.0
te11-0605,0.8571428571428571,1.0,0.75,8.0
te11-0618,0.5454545454545454,0.5,0.6,5.0
te11-0624,0.8333333333333333,0.7142857142857143,1.0,5.0
te11-0647,0.6666666666666666,0.8,0.5714285714285714,7.0
te11-0651,0.6666666666666666,0.6666666666666666,0.6666666666666666,3.0
te11-0664,0.5454545454545454,0.5,0.6,5.0
te11-0667,0.5,0.5,0.5,4.0
te11-0675,0.5333333333333333,1.0,0.36363636363636365,11.0
te11-0684,0.6666666666666666,1.0,0.5,6.0
te11-0695,0.6666666666666665,0.75,0.6,5.0
te11-0697,0.8,0.6666666666666666,1.0,4.0
te11-0702,0.4444444444444444,0.6666666666666666,0.3333333333333333,6.0
te11-0725,0.4615384615384615,0.42857142857142855,0.5,6.0
te11-0728,0.3333333333333333,0.5,0.25,4.0
te11-0731,0.6666666666666666,0.6666666666666666,0.6666666666666666,3.0
te11-0738,0.5333333333333333,0.4,0.8,5.0
te11-0753,0.1818181818181818,0.2,0.16666666666666666,6.0
te11-0768,1.0,1.0,1.0,6.0
te11-0779,0.6153846153846154,0.5,0.8,5.0
te12-0039,0.42857142857142855,0.3333333333333333,0.6,5.0
te12-0048,0.6666666666666666,0.5,1.0,3.0
te12-0063,0.923076923076923,0.8571428571428571,1.0,6.0
te12-0072,0.7272727272727274,0.6153846153846154,0.8888888888888888,9.0
te12-0087,0.6153846153846154,0.5,0.8,5.0
te12-0100,0.25,1.0,0.14285714285714285,7.0
te12-0112,0.8333333333333333,1.0,0.7142857142857143,7.0
te12-0146,0.3076923076923077,0.18181818181818182,1.0,4.0
te12-0156,0.36363636363636365,0.2857142857142857,0.5,4.0
te12-0164,0.6153846153846153,0.4444444444444444,1.0,4.0
te12-0180,0.22222222222222224,0.5,0.14285714285714285,7.0
te12-0186,0.888888888888889,1.0,0.8,5.0
te12-0226,0.6666666666666666,0.5,1.0,5.0
te12-0239,0.5454545454545454,0.5,0.6,5.0
te12-0246,0.4615384615384615,1.0,0.3,10.0
te12-0256,0.22222222222222224,0.25,0.2,5.0
te12-0257,0.9090909090909091,1.0,0.8333333333333334,6.0
te12-0305,0.9090909090909091,0.8333333333333334,1.0,5.0
te12-0307,0.9333333333333333,1.0,0.875,8.0
te12-0311,1.0,1.0,1.0,7.0
te12-0351,0.6250000000000001,0.7142857142857143,0.5555555555555556,9.0
te12-0378,0.8571428571428571,0.75,1.0,3.0
te12-0383,0.8571428571428571,1.0,0.75,4.0
te12-0388,0.6,1.0,0.42857142857142855,7.0
te12-0418,1.0,1.0,1.0,6.0
te12-0422,0.6666666666666666,0.5,1.0,4.0
te12-0443,0.4,0.3333333333333333,0.5,6.0
te12-0444,0.16666666666666666,0.14285714285714285,0.2,5.0
te12-0447,0.6666666666666666,1.0,0.5,4.0
te12-0458,0.8333333333333334,0.8333333333333334,0.8333333333333334,6.0
te12-0459,0.7142857142857143,0.7142857142857143,0.7142857142857143,7.0
te12-0466,1.0,1.0,1.0,7.0
te12-0482,0.7,0.7,0.7,10.0
te12-0486,0.7272727272727272,0.6666666666666666,0.8,5.0
te12-0487,0.782608695652174,0.6428571428571429,1.0,9.0
te12-0488,0.18181818181818182,0.25,0.14285714285714285,7.0
te12-0507,1.0,1.0,1.0,5.0
te12-0508,1.0,1.0,1.0,7.0
te12-0514,0.6666666666666665,0.75,0.6,5.0
te12-0538,0.8421052631578948,0.8888888888888888,0.8,10.0
te12-0544,0.8000000000000002,0.8,0.8,5.0
te12-0550,0.7499999999999999,0.6,1.0,3.0
te12-0556,0.5454545454545454,0.75,0.42857142857142855,7.0
te12-0562,0.6153846153846153,0.6666666666666666,0.5714285714285714,7.0
te12-0565,0.6666666666666667,0.5555555555555556,0.8333333333333334,6.0
te12-0584,0.0,0.0,0.0,8.0
te12-0585,0.6666666666666666,0.8,0.5714285714285714,7.0
te12-0586,0.5454545454545454,0.75,0.42857142857142855,7.0
te12-0590,0.9090909090909091,1.0,0.8333333333333334,6.0
te12-0612,0.5714285714285714,0.4444444444444444,0.8,5.0
te12-0628,0.7692307692307693,0.625,1.0,5.0
te12-0636,0.6956521739130435,0.8888888888888888,0.5714285714285714,14.0
te12-0641,0.0,0.0,0.0,5.0
te12-0651,0.8,0.6666666666666666,1.0,6.0
te12-0653,0.6,0.5,0.75,4.0
te12-0660,0.6666666666666666,0.6666666666666666,0.6666666666666666,3.0
te12-0664,0.0,0.0,0.0,1.0
te13-0062,0.8333333333333333,1.0,0.7142857142857143,7.0
te13-0066,0.6666666666666666,0.5,1.0,5.0
te13-0072,0.5714285714285715,0.5,0.6666666666666666,3.0
te13-0102,0.823529411764706,0.875,0.7777777777777778,9.0
te13-0116,0.4444444444444445,1.0,0.2857142857142857,7.0
te13-0135,0.9333333333333333,0.875,1.0,7.0
te13-0137,0.8,1.0,0.6666666666666666,3.0
te13-0169,0.6666666666666666,1.0,0.5,8.0
te13-0172,0.14285714285714288,0.16666666666666666,0.125,8.0
te13-0190,0.0,0.0,0.0,5.0
te13-0200,0.5714285714285715,0.5,0.6666666666666666,6.0
te13-0209,0.8,0.6666666666666666,1.0,4.0
te13-0242,0.7142857142857143,0.5555555555555556,1.0,5.0
te13-0248,0.25,0.25,0.25,4.0
te13-0249,0.923076923076923,0.8571428571428571,1.0,6.0
te13-0253,0.8333333333333334,0.8333333333333334,0.8333333333333334,6.0
te13-0263,0.7777777777777778,0.6363636363636364,1.0,7.0
te13-0272,0.923076923076923,0.8571428571428571,1.0,6.0
te13-0275,0.875,0.875,0.875,8.0
te13-0281,0.8333333333333333,1.0,0.7142857142857143,7.0
te13-0283,0.7142857142857143,0.625,0.8333333333333334,6.0
te13-0286,1.0,1.0,1.0,7.0
te13-0301,0.8571428571428571,0.75,1.0,6.0
te13-0357,0.5555555555555556,0.5,0.625,8.0
te13-0360,0.8,0.6666666666666666,1.0,6.0
te13-0371,0.6666666666666666,0.8,0.5714285714285714,7.0
te13-0377,0.5714285714285715,1.0,0.4,5.0
te13-0390,0.0,0.0,0.0,5.0
te13-0402,0.7692307692307693,0.625,1.0,5.0
te13-0409,0.6,0.42857142857142855,1.0,3.0
te13-0415,0.9333333333333333,0.875,1.0,7.0
te13-0418,0.0,0.0,0.0,2.0
te13-0428,0.3333333333333333,0.25,0.5,2.0
te13-0430,0.6666666666666666,0.5,1.0,4.0
te13-0442,0.9,0.8181818181818182,1.0,9.0
te13-0446,0.7999999999999999,0.75,0.8571428571428571,7.0
te13-0456,0.5714285714285715,0.4,1.0,2.0
te13-0458,0.923076923076923,1.0,0.8571428571428571,7.0
te13-0459,0.8,1.0,0.6666666666666666,6.0
te13-0470,0.9090909090909091,1.0,0.8333333333333334,6.0
te13-0481,0.33333333333333337,1.0,0.2,5.0
te13-0484,0.8,1.0,0.6666666666666666,3.0
te13-0486,0.7368421052631579,0.5833333333333334,1.0,7.0
te13-0516,0.5,0.5,0.5,6.0
te13-0520,0.0,0.0,0.0,8.0
te13-0530,0.5714285714285715,1.0,0.4,5.0
te13-0559,0.39999999999999997,0.2727272727272727,0.75,4.0
te13-0574,0.8,1.0,0.6666666666666666,6.0
te13-0597,0.7058823529411764,0.6,0.8571428571428571,7.0
te13-0602,0.5,1.0,0.3333333333333333,6.0
te13-0609,0.6153846153846153,1.0,0.4444444444444444,9.0
te13-0622,1.0,1.0,1.0,5.0
te13-0629,0.888888888888889,0.8,1.0,4.0
te13-0633,0.5714285714285715,1.0,0.4,5.0
te13-0634,0.7272727272727272,0.8,0.6666666666666666,6.0
te13-0636,0.5333333333333333,0.5714285714285714,0.5,8.0
te13-0639,0.5714285714285714,0.5714285714285714,0.5714285714285714,7.0
te13-0670,0.7142857142857143,0.5555555555555556,1.0,5.0
te13-0678,0.8571428571428571,0.8571428571428571,0.8571428571428571,7.0
te13-0682,0.7272727272727272,0.6666666666666666,0.8,5.0
te13-0821,0.8,0.6666666666666666,1.0,6.0
te13-0823,0.42857142857142855,0.42857142857142855,0.42857142857142855,7.0
te13-0827,0.7272727272727273,0.5714285714285714,1.0,4.0
te13-0848,0.4444444444444444,0.3333333333333333,0.6666666666666666,3.0
te13-0851,0.8421052631578948,0.8,0.8888888888888888,9.0
te14-0015,0.7499999999999999,1.0,0.6,5.0
te14-0017,0.28571428571428575,0.5,0.2,5.0
te14-0032,0.875,0.875,0.875,8.0
te14-0038,0.8333333333333333,1.0,0.7142857142857143,7.0
te14-0100,0.6666666666666666,0.5,1.0,5.0
te14-0104,0.9411764705882353,0.8888888888888888,1.0,8.0
te14-0108,0.6153846153846153,0.6666666666666666,0.5714285714285714,7.0
te14-0115,0.75,0.8571428571428571,0.6666666666666666,9.0
te14-0123,0.6666666666666666,1.0,0.5,4.0
te14-0124,0.7692307692307692,0.7142857142857143,0.8333333333333334,6.0
te14-0146,0.3636363636363636,0.4,0.3333333333333333,6.0
te14-0159,0.7692307692307692,0.8333333333333334,0.7142857142857143,7.0
te14-0168,0.0,0.0,0.0,6.0
te14-0176,0.7272727272727272,0.6666666666666666,0.8,5.0
te14-0177,0.7272727272727272,0.6666666666666666,0.8,5.0
te14-0194,0.25,0.25,0.25,4.0
te14-0199,0.6666666666666666,0.8,0.5714285714285714,7.0
te14-0211,0.7272727272727272,0.6666666666666666,0.8,5.0
te14-0221,0.5454545454545454,0.6,0.5,6.0
te14-0225,0.8333333333333333,0.7142857142857143,1.0,5.0
te14-0230,0.0,0.0,0.0,1.0
te14-0241,0.8,0.6666666666666666,1.0,8.0
te14-0245,0.6,0.6,0.6,5.0
te14-0257,0.7058823529411764,0.6,0.8571428571428571,7.0
te14-0264,0.2,0.5,0.125,8.0
te14-0271,1.0,1.0,1.0,8.0
te14-0286,0.7058823529411765,0.6666666666666666,0.75,8.0
tr03-0005,1.0,1.0,1.0,7.0
tr03-0029,0.6666666666666666,0.5,1.0,3.0
tr03-0052,0.7999999999999999,0.75,0.8571428571428571,7.0
tr03-0061,0.9333333333333333,0.875,1.0,7.0
tr03-0078,0.4444444444444445,0.5,0.4,5.0
tr03-0086,0.7142857142857143,1.0,0.5555555555555556,9.0
tr03-0087,0.7368421052631579,0.5833333333333334,1.0,7.0
tr03-0100,0.5555555555555556,0.45454545454545453,0.7142857142857143,7.0
tr03-0103,0.3333333333333333,0.3333333333333333,0.3333333333333333,3.0
tr03-0134,0.5714285714285714,0.4444444444444444,0.8,5.0
tr03-0135,0.5454545454545454,0.6,0.5,6.0
tr03-0141,0.6666666666666666,0.5,1.0,3.0
tr03-0146,0.33333333333333337,0.2,1.0,1.0
tr03-0152,0.7826086956521738,0.75,0.8181818181818182,11.0
tr03-0167,0.9090909090909091,0.8333333333333334,1.0,5.0
tr03-0184,0.5333333333333333,1.0,0.36363636363636365,11.0
tr03-0187,0.7142857142857143,0.5555555555555556,1.0,5.0
tr03-0198,0.6666666666666666,0.625,0.7142857142857143,7.0
tr03-0216,0.5714285714285715,0.6666666666666666,0.5,8.0
tr03-0241,0.6666666666666666,0.5714285714285714,0.8,5.0
tr03-0251,0.8333333333333334,0.8333333333333334,0.8333333333333334,6.0
tr03-0256,1.0,1.0,1.0,4.0
tr03-0267,0.75,0.75,0.75,4.0
tr03-0287,0.6,0.6,0.6,5.0
tr03-0289,0.3333333333333333,0.5,0.25,8.0
tr03-0299,0.7777777777777778,0.6363636363636364,1.0,7.0
tr03-0300,0.5714285714285715,0.5,0.6666666666666666,9.0
tr03-0304,0.7999999999999999,0.8571428571428571,0.75,8.0
tr03-0314,0.5,0.6666666666666666,0.4,5.0
tr03-0322,0.6666666666666667,0.875,0.5384615384615384,13.0
tr03-0333,0.7142857142857143,0.7142857142857143,0.7142857142857143,7.0
tr03-0373,0.4,0.3333333333333333,0.5,4.0
tr03-0394,0.888888888888889,0.8,1.0,8.0
tr03-0396,0.0,0.0,0.0,6.0
tr03-0401,1.0,1.0,1.0,4.0
tr03-0402,0.5714285714285715,0.4,1.0,4.0
tr03-0411,0.3157894736842105,0.3333333333333333,0.3,10.0
tr03-0413,0.923076923076923,0.8571428571428571,1.0,6.0
tr03-0426,0.7999999999999999,0.8571428571428571,0.75,8.0
tr03-0428,0.4444444444444445,0.4,0.5,4.0
tr03-0434,0.8333333333333334,0.8333333333333334,0.8333333333333334,6.0
tr03-0485,0.4615384615384615,0.42857142857142855,0.5,6.0
tr03-0487,0.6,0.42857142857142855,1.0,3.0
tr03-0494,0.5,0.42857142857142855,0.6,5.0
tr03-0536,0.9473684210526316,0.9,1.0,9.0
tr03-0541,0.5454545454545454,0.75,0.42857142857142855,7.0
tr03-0567,1.0,1.0,1.0,6.0
tr03-0584,0.5714285714285715,1.0,0.4,5.0
tr03-0592,0.888888888888889,1.0,0.8,5.0
tr03-0618,0.6153846153846153,1.0,0.4444444444444444,9.0
tr03-0623,0.5454545454545454,0.6,0.5,6.0
tr03-0672,0.2,0.5,0.125,8.0
tr03-0674,0.0,0.0,0.0,7.0
tr03-0697,0.8421052631578948,0.8888888888888888,0.8,10.0
tr03-0708,0.9090909090909091,1.0,0.8333333333333334,6.0
tr03-0715,0.5333333333333333,0.4,0.8,5.0
tr03-0726,0.6,0.75,0.5,6.0
tr03-0733,0.0,0.0,0.0,6.0
tr03-0743,0.7692307692307692,0.8333333333333334,0.7142857142857143,7.0
tr03-0759,0.8333333333333333,1.0,0.7142857142857143,7.0
tr03-0764,0.6666666666666666,0.5714285714285714,0.8,5.0
tr03-0773,0.4444444444444445,1.0,0.2857142857142857,7.0
tr03-0780,0.0,0.0,0.0,1.0
tr03-0793,0.6666666666666666,1.0,0.5,2.0
tr03-0796,0.923076923076923,0.8571428571428571,1.0,6.0
tr03-0816,0.7499999999999999,1.0,0.6,5.0
tr03-0862,0.5714285714285715,0.6666666666666666,0.5,4.0
tr03-0863,0.6666666666666666,0.8,0.5714285714285714,7.0
tr03-0876,0.5,0.42857142857142855,0.6,5.0
tr03-0879,0.6666666666666665,0.6,0.75,4.0
tr03-0900,0.6666666666666666,0.5,1.0,4.0
tr03-0904,0.7692307692307692,0.8333333333333334,0.7142857142857143,7.0
tr03-0906,0.6,0.5454545454545454,0.6666666666666666,9.0
tr03-0907,0.42105263157894735,0.3076923076923077,0.6666666666666666,6.0
tr03-0909,0.7692307692307692,0.7142857142857143,0.8333333333333334,6.0
tr03-0921,0.9090909090909091,0.8333333333333334,1.0,5.0
tr03-0940,0.8,0.6666666666666666,1.0,6.0
tr03-0955,0.25,0.2,0.3333333333333333,3.0
tr03-0982,0.0,0.0,0.0,3.0
tr03-1004,0.888888888888889,0.8,1.0,4.0
tr03-1010,0.4,0.5,0.3333333333333333,6.0
tr03-1013,0.3333333333333333,0.5,0.25,4.0
tr03-1023,1.0,1.0,1.0,5.0
tr03-1050,0.923076923076923,1.0,0.8571428571428571,7.0
tr03-1056,0.5,0.42857142857142855,0.6,5.0
tr03-1075,0.5,0.5,0.5,4.0
tr03-1082,0.8571428571428571,1.0,0.75,4.0
tr03-1100,0.6153846153846154,0.5,0.8,5.0
tr03-1115,0.75,0.75,0.75,8.0
tr03-1119,0.33333333333333337,1.0,0.2,10.0
tr03-1135,0.3333333333333333,0.5,0.25,8.0
tr03-1143,0.5882352941176471,0.625,0.5555555555555556,9.0
tr03-1155,0.5333333333333333,0.5,0.5714285714285714,7.0
tr03-1160,0.0,0.0,0.0,7.0
tr03-1181,1.0,1.0,1.0,2.0
tr03-1185,0.6153846153846153,0.6666666666666666,0.5714285714285714,7.0
tr03-1226,0.6666666666666666,0.6666666666666666,0.6666666666666666,6.0
tr03-1231,0.3333333333333333,0.2222222222222222,0.6666666666666666,3.0
tr03-1292,0.875,0.875,0.875,8.0
tr03-1319,0.8000000000000002,0.8,0.8,5.0
tr03-1333,0.8571428571428571,1.0,0.75,8.0
tr03-1346,0.3333333333333333,0.5,0.25,4.0
tr03-1362,0.5000000000000001,0.36363636363636365,0.8,5.0
tr03-1367,0.28571428571428575,0.2,0.5,2.0
tr03-1371,0.5,0.6,0.42857142857142855,7.0
tr03-1373,0.6,0.5,0.75,4.0
tr03-1374,0.5,0.3333333333333333,1.0,1.0
tr03-1387,0.6666666666666666,0.5,1.0,1.0
tr03-1389,0.7000000000000001,0.5833333333333334,0.875,8.0
tr04-0014,0.4,0.26666666666666666,0.8,5.0
tr04-0030,0.923076923076923,0.8571428571428571,1.0,6.0
tr04-0041,0.6666666666666665,0.75,0.6,5.0
tr04-0075,0.3333333333333333,0.3333333333333333,0.3333333333333333,6.0
tr04-0079,0.0,0.0,0.0,7.0
tr04-0117,0.16666666666666666,0.2,0.14285714285714285,7.0
tr04-0120,0.6666666666666666,0.6666666666666666,0.6666666666666666,6.0
tr04-0121,0.5,0.3333333333333333,1.0,3.0
tr04-0133,0.7692307692307693,0.625,1.0,5.0
tr04-0144,0.8333333333333334,0.8333333333333334,0.8333333333333334,6.0
tr04-0187,0.8,0.6666666666666666,1.0,8.0
tr04-0196,0.7777777777777777,0.7,0.875,8.0
tr04-0208,0.888888888888889,0.8,1.0,4.0
tr04-0209,0.9333333333333333,1.0,0.875,8.0
tr04-0210,0.4444444444444445,0.2857142857142857,1.0,2.0
tr04-0216,0.6363636363636364,0.4666666666666667,1.0,7.0
tr04-0223,0.4444444444444445,1.0,0.2857142857142857,7.0
tr04-0227,0.5,0.5,0.5,2.0
tr04-0231,0.7142857142857143,0.5555555555555556,1.0,5.0
tr04-0239,1.0,1.0,1.0,7.0
tr04-0247,0.16666666666666666,0.3333333333333333,0.1111111111111111,9.0
tr04-0255,1.0,1.0,1.0,7.0
tr04-0265,0.6666666666666666,0.6666666666666666,0.6666666666666666,3.0
tr04-0275,0.7272727272727273,0.5714285714285714,1.0,4.0
tr04-0342,0.4285714285714285,0.75,0.3,10.0
tr04-0358,0.6666666666666666,0.6666666666666666,0.6666666666666666,3.0
tr04-0362,0.2,0.125,0.5,2.0
tr04-0374,0.0,0.0,0.0,3.0
tr04-0393,0.7999999999999999,0.75,0.8571428571428571,7.0
tr04-0402,0.5,0.75,0.375,8.0
tr04-0404,0.631578947368421,0.6,0.6666666666666666,9.0
tr04-0417,0.0,0.0,0.0,9.0
tr04-0425,0.6,0.75,0.5,6.0
tr04-0468,0.9090909090909091,1.0,0.8333333333333334,6.0
tr04-0471,0.6666666666666666,1.0,0.5,2.0
tr04-0474,0.16666666666666669,0.5,0.1,10.0
tr04-0536,0.6666666666666666,0.6666666666666666,0.6666666666666666,6.0
tr04-0551,0.5333333333333333,0.36363636363636365,1.0,4.0
tr04-0569,0.8750000000000001,0.7777777777777778,1.0,7.0
tr04-0570,0.8571428571428571,0.75,1.0,3.0
tr04-0579,0.6666666666666667,0.8333333333333334,0.5555555555555556,9.0
tr04-0583,0.7058823529411765,0.6666666666666666,0.75,8.0
tr04-0587,0.9090909090909091,1.0,0.8333333333333334,12.0
tr04-0603,0.8750000000000001,0.7777777777777778,1.0,7.0
tr04-0611,0.0,0.0,0.0,8.0
tr04-0613,0.5454545454545454,0.5,0.6,5.0
tr04-0649,0.0,0.0,0.0,3.0
tr04-0653,0.923076923076923,0.8571428571428571,1.0,6.0
tr04-0658,0.4444444444444445,0.5,0.4,5.0
tr04-0671,0.7272727272727272,0.6666666666666666,0.8,5.0
tr04-0679,0.7272727272727273,0.5714285714285714,1.0,4.0
tr04-0699,0.4615384615384615,1.0,0.3,10.0
tr04-0702,0.75,0.6666666666666666,0.8571428571428571,7.0
tr04-0703,0.7692307692307692,0.8333333333333334,0.7142857142857143,7.0
tr04-0726,0.6666666666666665,0.75,0.6,5.0
tr04-0741,0.7499999999999999,0.6,1.0,3.0
tr04-0746,0.6153846153846153,0.5714285714285714,0.6666666666666666,6.0
tr04-0762,0.7142857142857143,0.8333333333333334,0.625,8.0
tr04-0785,0.6666666666666666,0.6666666666666666,0.6666666666666666,6.0
tr04-0805,0.9090909090909091,0.8333333333333334,1.0,5.0
tr04-0806,0.9090909090909091,0.8333333333333334,1.0,5.0
tr04-0808,0.8750000000000001,0.7777777777777778,1.0,7.0
tr04-0825,0.6666666666666666,0.5,1.0,4.0
tr04-0829,0.5714285714285715,0.6666666666666666,0.5,4.0
tr04-0864,0.75,0.75,0.75,4.0
tr04-0878,0.8,1.0,0.6666666666666666,3.0
tr04-0882,0.8,1.0,0.6666666666666666,6.0
tr04-0900,1.0,1.0,1.0,4.0
tr04-0908,0.8333333333333333,0.7142857142857143,1.0,5.0
tr04-0909,0.9523809523809523,1.0,0.9090909090909091,11.0
tr04-0913,0.0,0.0,0.0,6.0
tr04-0915,0.8235294117647058,0.7,1.0,7.0
tr04-0933,0.8571428571428571,0.75,1.0,6.0
tr04-0959,0.6666666666666665,0.6,0.75,4.0
tr04-0966,0.5714285714285715,0.5,0.6666666666666666,3.0
tr04-0983,0.9090909090909091,0.8333333333333334,1.0,5.0
tr04-1006,0.7142857142857143,0.5555555555555556,1.0,5.0
tr04-1013,0.39999999999999997,0.42857142857142855,0.375,8.0
tr04-1021,0.6666666666666666,1.0,0.5,6.0
tr04-1023,0.2222222222222222,1.0,0.125,8.0
tr04-1032,0.4,1.0,0.25,4.0
tr04-1034,0.8571428571428571,0.75,1.0,3.0
tr04-1064,0.5454545454545454,1.0,0.375,8.0
tr04-1078,0.8235294117647058,0.7,1.0,7.0
tr04-1087,0.25,0.3333333333333333,0.2,5.0
tr04-1096,0.5882352941176471,0.625,0.5555555555555556,9.0
tr04-1097,0.6,0.5,0.75,4.0
tr04-1105,0.4444444444444445,0.4,0.5,4.0
tr04-1117,0.8,0.6666666666666666,1.0,6.0
tr05-0011,0.9090909090909091,1.0,0.8333333333333334,6.0
tr05-0028,0.9090909090909091,0.8333333333333334,1.0,5.0
tr05-0067,0.7692307692307692,0.7142857142857143,0.8333333333333334,6.0
tr05-0069,0.7692307692307692,0.8333333333333334,0.7142857142857143,7.0
tr05-0074,0.30769230769230765,0.2222222222222222,0.5,4.0
tr05-0114,0.888888888888889,0.8,1.0,4.0
tr05-0119,0.7777777777777777,0.7,0.875,8.0
tr05-0174,0.7692307692307692,0.7142857142857143,0.8333333333333334,6.0
tr05-0193,0.6,1.0,0.42857142857142855,7.0
tr05-0206,0.5454545454545454,0.375,1.0,3.0
tr05-0226,0.7692307692307693,0.625,1.0,5.0
tr05-0243,0.6153846153846153,0.6666666666666666,0.5714285714285714,7.0
tr05-0253,0.46153846153846156,0.75,0.3333333333333333,9.0
tr05-0256,0.0,0.0,0.0,4.0
tr05-0260,0.75,0.75,0.75,4.0
tr05-0266,0.8,1.0,0.6666666666666666,6.0
tr05-0284,0.8571428571428571,0.8571428571428571,0.8571428571428571,7.0
tr05-0292,0.9333333333333333,0.875,1.0,7.0
tr05-0301,0.6666666666666666,0.5,1.0,2.0
tr05-0312,0.7499999999999999,1.0,0.6,10.0
tr05-0326,0.923076923076923,0.8571428571428571,1.0,6.0
tr05-0327,0.823529411764706,0.7777777777777778,0.875,8.0
tr05-0332,0.9090909090909091,1.0,0.8333333333333334,6.0
tr05-0334,0.8,0.6666666666666666,1.0,6.0
tr05-0348,0.7272727272727273,1.0,0.5714285714285714,7.0
tr05-0356,0.823529411764706,0.7777777777777778,0.875,8.0
tr05-0379,0.8,0.6666666666666666,1.0,2.0
tr05-0400,0.8,1.0,0.6666666666666666,9.0
tr05-0403,0.9411764705882353,1.0,0.8888888888888888,9.0
tr05-0404,0.7272727272727273,1.0,0.5714285714285714,7.0
tr05-0405,0.4,1.0,0.25,4.0
tr05-0418,0.4,0.6666666666666666,0.2857142857142857,7.0
tr05-0443,0.5,0.42857142857142855,0.6,5.0
tr05-0449,0.6153846153846153,0.5714285714285714,0.6666666666666666,6.0
tr05-0456,0.6666666666666666,1.0,0.5,4.0
tr05-0459,0.6,0.42857142857142855,1.0,3.0
tr05-0471,0.625,0.45454545454545453,1.0,5.0
tr05-0497,0.8571428571428571,0.75,1.0,3.0
tr05-0501,0.4,0.3,0.6,5.0
tr05-0531,0.6,1.0,0.42857142857142855,7.0
tr05-0549,0.5714285714285714,0.8,0.4444444444444444,9.0
tr05-0550,0.9411764705882353,0.8888888888888888,1.0,8.0
tr05-0570,0.20000000000000004,0.2,0.2,5.0
tr05-0572,0.8,1.0,0.6666666666666666,6.0
tr05-0574,1.0,1.0,1.0,3.0
tr05-0596,0.5714285714285715,0.4,1.0,4.0
tr05-0610,0.6666666666666665,0.6,0.75,4.0
tr05-0613,0.4444444444444445,0.4,0.5,4.0
tr05-0627,0.5714285714285714,0.8,0.4444444444444444,9.0
tr05-0629,0.5454545454545454,0.375,1.0,3.0
tr05-0635,0.7692307692307692,0.8333333333333334,0.7142857142857143,7.0
tr05-0646,0.888888888888889,1.0,0.8,5.0
tr05-0647,0.6,0.6,0.6,5.0
tr05-0652,0.6,0.75,0.5,6.0
tr05-0655,0.5,0.6,0.42857142857142855,7.0
tr05-0664,0.25,0.16666666666666666,0.5,2.0
tr05-0685,0.0,0.0,0.0,5.0
tr05-0686,0.0,0.0,0.0,9.0
tr05-0701,0.625,0.625,0.625,8.0
tr05-0707,0.5,0.6666666666666666,0.4,5.0
tr05-0715,0.5714285714285715,1.0,0.4,5.0
tr05-0724,0.5555555555555556,0.38461538461538464,1.0,5.0
tr05-0738,1.0,1.0,1.0,5.0
tr05-0739,0.9333333333333333,0.875,1.0,7.0
tr05-0744,0.3333333333333333,0.5,0.25,4.0
tr05-0782,0.7272727272727272,0.6666666666666666,0.8,5.0
tr05-0784,0.2857142857142857,1.0,0.16666666666666666,6.0
tr05-0800,0.36363636363636365,0.5,0.2857142857142857,7.0
tr05-0812,0.28571428571428575,0.5,0.2,5.0
tr05-0827,0.9473684210526316,0.9,1.0,9.0
tr05-0838,0.5,0.5,0.5,2.0
tr05-0849,0.6666666666666665,0.6,0.75,4.0
tr05-0857,0.36363636363636365,0.2857142857142857,0.5,4.0
tr05-0860,0.7692307692307693,1.0,0.625,8.0
tr05-0880,0.3333333333333333,0.5,0.25,4.0
tr05-0900,0.6666666666666666,1.0,0.5,4.0
tr05-0905,0.0,0.0,0.0,7.0
tr05-0910,0.7692307692307692,0.7142857142857143,0.8333333333333334,6.0
tr05-0924,0.761904761904762,0.6153846153846154,1.0,8.0
tr05-0932,0.0,0.0,0.0,4.0
tr05-0949,0.5,0.3333333333333333,1.0,2.0
tr05-0994,0.6666666666666665,0.6,0.75,4.0
tr05-1042,0.6666666666666665,0.75,0.6,5.0
tr05-1060,0.4615384615384615,0.6,0.375,8.0
tr05-1097,0.4,1.0,0.25,4.0
tr05-1112,0.6153846153846153,0.6666666666666666,0.5714285714285714,7.0
tr05-1118,0.7777777777777778,0.6363636363636364,1.0,7.0
tr05-1121,1.0,1.0,1.0,3.0
tr05-1128,0.625,0.8333333333333334,0.5,10.0
tr05-1129,0.6153846153846154,0.5,0.8,5.0
tr05-1135,0.6666666666666667,0.5555555555555556,0.8333333333333334,6.0
tr05-1146,0.8333333333333333,1.0,0.7142857142857143,7.0
tr05-1149,0.8,0.6666666666666666,1.0,4.0
tr05-1163,0.8,0.6666666666666666,1.0,2.0
tr05-1167,0.7142857142857143,0.625,0.8333333333333334,6.0
tr05-1175,0.6666666666666665,0.75,0.6,10.0
tr05-1176,0.7142857142857143,0.625,0.8333333333333334,6.0
tr05-1183,0.8,1.0,0.6666666666666666,6.0
tr05-1190,0.28571428571428575,0.3333333333333333,0.25,4.0
tr05-1197,0.7999999999999999,0.8571428571428571,0.75,8.0
tr05-1215,0.875,0.875,0.875,8.0
tr05-1222,0.888888888888889,1.0,0.8,5.0
tr05-1229,0.6666666666666665,0.6,0.75,4.0
tr05-1233,0.375,0.25,0.75,4.0
tr05-1234,0.9090909090909091,0.8333333333333334,1.0,5.0
tr05-1238,0.7692307692307692,0.7142857142857143,0.8333333333333334,6.0
tr05-1243,0.6153846153846153,0.5714285714285714,0.6666666666666666,6.0
tr05-1247,0.9333333333333333,1.0,0.875,8.0
tr05-1258,0.923076923076923,0.8571428571428571,1.0,6.0
tr05-1268,0.6153846153846153,0.5714285714285714,0.6666666666666666,6.0
tr05-1270,0.47058823529411764,0.3076923076923077,1.0,4.0
tr05-1277,0.4615384615384615,0.42857142857142855,0.5,6.0
tr05-1302,0.25,0.2,0.3333333333333333,3.0
tr05-1313,0.8571428571428571,0.75,1.0,3.0
tr05-1317,0.4,0.3333333333333333,0.5,6.0
tr05-1324,0.5263157894736842,0.625,0.45454545454545453,11.0
tr05-1356,1.0,1.0,1.0,6.0
tr05-1372,0.6,0.42857142857142855,1.0,3.0
tr05-1375,0.888888888888889,1.0,0.8,5.0
tr05-1377,0.5714285714285715,0.6666666666666666,0.5,4.0
tr05-1385,0.7272727272727272,0.6666666666666666,0.8,5.0
tr05-1386,0.30769230769230765,0.2222222222222222,0.5,4.0
tr05-1404,0.7142857142857143,0.5555555555555556,1.0,5.0
tr05-1419,0.6666666666666665,0.6,0.75,4.0
tr05-1434,1.0,1.0,1.0,3.0
tr05-1452,0.9411764705882353,1.0,0.8888888888888888,9.0
tr05-1453,0.5454545454545454,0.375,1.0,3.0
tr05-1464,0.7368421052631579,0.875,0.6363636363636364,11.0
tr05-1475,0.6,0.6,0.6,5.0
tr05-1497,0.5454545454545454,0.42857142857142855,0.75,4.0
tr05-1510,0.18181818181818182,1.0,0.1,10.0
tr05-1513,0.5,0.375,0.75,4.0
tr05-1521,0.8000000000000002,0.8,0.8,5.0
tr05-1528,0.8421052631578948,1.0,0.7272727272727273,11.0
tr05-1547,0.25,1.0,0.14285714285714285,7.0
tr05-1554,0.8571428571428571,0.75,1.0,3.0
tr05-1558,0.6,0.75,0.5,6.0
tr05-1570,0.8,0.6666666666666666,1.0,4.0
tr05-1572,0.7058823529411764,0.6,0.8571428571428571,7.0
tr05-1575,0.8333333333333334,0.8333333333333334,0.8333333333333334,6.0
tr05-1591,0.7692307692307693,1.0,0.625,8.0
tr05-1604,0.9090909090909091,0.8333333333333334,1.0,5.0
tr05-1624,0.8,1.0,0.6666666666666666,3.0
tr05-1649,1.0,1.0,1.0,7.0
tr05-1653,0.4,0.3333333333333333,0.5,6.0
tr05-1675,1.0,1.0,1.0,6.0
tr05-1681,0.923076923076923,0.8571428571428571,1.0,6.0
tr05-1684,0.6666666666666665,0.6,0.75,4.0
tr05-1687,0.0,0.0,0.0,8.0
tr05-1688,0.6,0.42857142857142855,1.0,6.0
tr05-1689,0.888888888888889,0.8,1.0,4.0
tr05-1716,0.0,0.0,0.0,3.0
tr05-1720,0.8,0.6666666666666666,1.0,8.0
tr05-1728,0.3636363636363636,0.3333333333333333,0.4,5.0
tr06-0014,0.4,1.0,0.25,4.0
tr06-0017,0.42857142857142855,0.42857142857142855,0.42857142857142855,7.0
tr06-0041,0.4444444444444445,1.0,0.2857142857142857,7.0
tr06-0050,1.0,1.0,1.0,5.0
tr06-0084,0.6,0.42857142857142855,1.0,3.0
tr06-0103,0.6666666666666666,0.6666666666666666,0.6666666666666666,3.0
tr06-0107,0.31578947368421056,0.2,0.75,4.0
tr06-0108,0.25,0.25,0.25,4.0
tr06-0117,0.6666666666666666,0.6666666666666666,0.6666666666666666,9.0
tr06-0122,0.5714285714285715,0.6666666666666666,0.5,8.0
tr06-0126,0.3333333333333333,0.4,0.2857142857142857,7.0
tr06-0154,0.47619047619047616,0.3125,1.0,5.0
tr06-0166,0.4,0.6666666666666666,0.2857142857142857,7.0
tr06-0168,0.8,1.0,0.6666666666666666,9.0
tr06-0177,0.888888888888889,1.0,0.8,5.0
tr06-0182,0.6153846153846154,0.5,0.8,5.0
tr06-0193,0.6666666666666665,0.75,0.6,5.0
tr06-0202,0.7500000000000001,0.8181818181818182,0.6923076923076923,13.0
tr06-0204,0.6153846153846154,0.8,0.5,8.0
tr06-0221,0.6666666666666666,1.0,0.5,6.0
tr06-0232,0.7499999999999999,1.0,0.6,5.0
tr06-0234,0.8,1.0,0.6666666666666666,3.0
tr06-0242,0.923076923076923,0.8571428571428571,1.0,6.0
tr06-0249,0.7272727272727272,0.6666666666666666,0.8,5.0
tr06-0262,0.6666666666666666,0.6666666666666666,0.6666666666666666,3.0
tr06-0282,1.0,1.0,1.0,7.0
tr06-0302,0.6666666666666666,0.7142857142857143,0.625,8.0
tr06-0307,0.7272727272727273,1.0,0.5714285714285714,7.0
tr06-0313,0.6666666666666666,1.0,0.5,8.0
tr06-0315,0.4444444444444445,0.5,0.4,5.0
tr06-0317,0.6666666666666666,1.0,0.5,4.0
tr06-0318,0.0,0.0,0.0,7.0
tr06-0332,0.8333333333333334,0.8333333333333334,0.8333333333333334,6.0
tr06-0333,0.3333333333333333,0.25,0.5,2.0
tr06-0347,0.5263157894736842,0.5,0.5555555555555556,9.0
tr06-0362,0.46153846153846156,0.75,0.3333333333333333,9.0
tr06-0363,0.6,0.42857142857142855,1.0,3.0
tr06-0379,0.8333333333333333,0.7142857142857143,1.0,5.0
tr06-0390,0.625,0.8333333333333334,0.5,10.0
tr06-0397,0.6666666666666666,0.6666666666666666,0.6666666666666666,6.0
tr06-0404,1.0,1.0,1.0,6.0
tr06-0418,0.7272727272727273,0.5714285714285714,1.0,4.0
tr06-0429,0.5454545454545454,0.42857142857142855,0.75,4.0
tr06-0447,0.8750000000000001,0.7777777777777778,1.0,7.0
tr06-0449,0.75,0.75,0.75,8.0
tr06-0452,1.0,1.0,1.0,3.0
tr06-0475,0.0,0.0,0.0,6.0
tr06-0488,0.0,0.0,0.0,4.0
tr06-0503,0.6666666666666666,1.0,0.5,4.0
tr06-0515,0.6666666666666666,0.6666666666666666,0.6666666666666666,3.0
tr06-0517,0.8571428571428571,1.0,0.75,4.0
tr06-0532,0.7272727272727273,1.0,0.5714285714285714,7.0
tr06-0536,0.8750000000000001,1.0,0.7777777777777778,9.0
tr06-0538,0.25,0.3333333333333333,0.2,5.0
tr06-0544,0.28571428571428575,0.5,0.2,5.0
tr06-0547,0.6,0.5,0.75,4.0
tr06-0556,0.5,1.0,0.3333333333333333,9.0
tr06-0570,0.4,0.5,0.3333333333333333,3.0
tr06-0576,0.9090909090909091,0.8333333333333334,1.0,5.0
tr06-0579,0.9333333333333333,0.875,1.0,7.0
tr06-0584,0.4,0.3333333333333333,0.5,2.0
tr06-0609,0.9090909090909091,1.0,0.8333333333333334,6.0
tr06-0627,0.2,0.3333333333333333,0.14285714285714285,7.0
tr06-0644,0.30769230769230765,0.3333333333333333,0.2857142857142857,7.0
tr06-0677,0.75,0.75,0.75,4.0
tr06-0694,0.3333333333333333,0.25,0.5,4.0
tr06-0696,0.4,0.5,0.3333333333333333,3.0
tr06-0705,0.5,0.375,0.75,4.0
tr06-0709,0.6666666666666666,0.6666666666666666,0.6666666666666666,3.0
tr06-0721,0.7499999999999999,0.6,1.0,6.0
tr06-0750,1.0,1.0,1.0,5.0
tr06-0764,0.823529411764706,0.7777777777777778,0.875,8.0
tr06-0769,0.8,0.6666666666666666,1.0,8.0
tr06-0771,0.8235294117647058,0.7,1.0,7.0
tr06-0773,0.9090909090909091,1.0,0.8333333333333334,6.0
tr06-0780,0.9333333333333333,1.0,0.875,8.0
tr06-0785,0.3636363636363636,0.3333333333333333,0.4,5.0
tr06-0791,0.7692307692307693,1.0,0.625,8.0
tr06-0797,0.75,0.75,0.75,4.0
tr06-0802,0.5714285714285715,0.5,0.6666666666666666,3.0
tr06-0812,0.5714285714285714,0.8,0.4444444444444444,9.0
tr06-0815,0.8333333333333334,0.8333333333333334,0.8333333333333334,6.0
tr06-0825,0.2857142857142857,1.0,0.16666666666666666,6.0
tr06-0827,0.4000000000000001,0.4,0.4,5.0
tr06-0850,0.0,0.0,0.0,11.0
tr06-0862,0.9090909090909091,1.0,0.8333333333333334,6.0
tr06-0865,0.8,0.6666666666666666,1.0,6.0
tr06-0876,0.5,0.6666666666666666,0.4,5.0
tr06-0880,1.0,1.0,1.0,4.0
tr06-1010,0.25,1.0,0.14285714285714285,7.0
tr06-1123,0.888888888888889,1.0,0.8,5.0
tr07-0016,1.0,1.0,1.0,3.0
tr07-0023,0.8571428571428571,1.0,0.75,8.0
tr07-0027,0.9090909090909091,0.8333333333333334,1.0,5.0
tr07-0030,0.7272727272727272,0.6666666666666666,0.8,5.0
tr07-0034,0.4444444444444445,0.4,0.5,4.0
tr07-0036,0.4,0.5,0.3333333333333333,6.0
tr07-0040,0.8000000000000002,0.8,0.8,5.0
tr07-0043,0.2857142857142857,1.0,0.16666666666666666,6.0
tr07-0056,0.375,0.42857142857142855,0.3333333333333333,9.0
tr07-0084,0.7499999999999999,0.6,1.0,6.0
tr07-0100,0.5,0.6,0.42857142857142855,7.0
tr07-0102,0.6153846153846153,0.6666666666666666,0.5714285714285714,7.0
tr07-0105,0.5714285714285715,0.5,0.6666666666666666,6.0
tr07-0123,0.3333333333333333,0.25,0.5,2.0
tr07-0125,0.0,0.0,0.0,8.0
tr07-0126,0.36363636363636365,0.6666666666666666,0.25,8.0
tr07-0127,0.0,0.0,0.0,7.0
tr07-0153,0.8571428571428571,0.8571428571428571,0.8571428571428571,7.0
tr07-0162,0.2857142857142857,1.0,0.16666666666666666,6.0
tr07-0168,0.8,0.6666666666666666,1.0,4.0
tr07-0178,0.26666666666666666,0.3333333333333333,0.2222222222222222,9.0
tr07-0179,0.5714285714285715,1.0,0.4,10.0
tr07-0191,0.8,0.6666666666666666,1.0,8.0
tr07-0197,0.6666666666666666,0.625,0.7142857142857143,7.0
tr07-0212,0.6153846153846154,0.8,0.5,8.0
tr07-0214,0.5,0.4,0.6666666666666666,3.0
tr07-0230,0.75,0.75,0.75,8.0
tr07-0231,0.33333333333333337,1.0,0.2,5.0
tr07-0232,0.7692307692307693,0.625,1.0,5.0
tr07-0236,0.6666666666666666,0.5,1.0,3.0
tr07-0246,0.7999999999999999,0.8571428571428571,0.75,8.0
tr07-0247,0.7999999999999999,0.8571428571428571,0.75,8.0
tr07-0257,0.2,0.5,0.125,8.0
tr07-0262,0.22222222222222224,0.14285714285714285,0.5,2.0
tr07-0281,0.7499999999999999,0.6,1.0,6.0
tr07-0283,0.6666666666666666,1.0,0.5,6.0
tr07-0291,0.2857142857142857,1.0,0.16666666666666666,6.0
tr07-0293,0.631578947368421,0.6,0.6666666666666666,9.0
tr07-0325,0.923076923076923,0.8571428571428571,1.0,6.0
tr07-0343,0.6666666666666666,0.8,0.5714285714285714,7.0
tr07-0359,0.7499999999999999,1.0,0.6,5.0
tr07-0380,0.5454545454545454,0.42857142857142855,0.75,4.0
tr07-0394,0.0,0.0,0.0,7.0
tr07-0401,0.5,0.3333333333333333,1.0,1.0
tr07-0409,1.0,1.0,1.0,3.0
tr07-0416,0.9090909090909091,0.8333333333333334,1.0,5.0
tr07-0418,0.22222222222222224,0.5,0.14285714285714285,7.0
tr07-0451,0.7142857142857143,0.7142857142857143,0.7142857142857143,7.0
tr07-0455,0.923076923076923,1.0,0.8571428571428571,7.0
tr07-0458,0.4615384615384615,0.3,1.0,3.0
tr07-0489,0.5,0.5,0.5,4.0
tr07-0509,0.5,0.4444444444444444,0.5714285714285714,7.0
tr07-0517,0.5882352941176471,0.4166666666666667,1.0,5.0
tr07-0540,0.9473684210526316,0.9,1.0,9.0
tr07-0542,0.4444444444444445,0.5,0.4,5.0
tr07-0549,0.5,1.0,0.3333333333333333,6.0
tr07-0566,0.8571428571428571,0.75,1.0,3.0
tr07-0568,0.5,0.6666666666666666,0.4,5.0
tr07-0575,0.4,0.5,0.3333333333333333,3.0
tr07-0579,0.6666666666666666,0.5,1.0,4.0
tr07-0586,0.7000000000000001,0.5384615384615384,1.0,7.0
tr07-0593,0.28571428571428575,0.3333333333333333,0.25,4.0
tr07-0601,0.5714285714285714,0.5714285714285714,0.5714285714285714,7.0
tr07-0602,0.8000000000000002,0.8,0.8,5.0
tr07-0605,0.0,0.0,0.0,1.0
tr07-0610,0.9473684210526316,0.9,1.0,9.0
tr07-0615,0.9090909090909091,1.0,0.8333333333333334,6.0
tr07-0625,0.3333333333333333,0.3333333333333333,0.3333333333333333,6.0
tr07-0642,0.7272727272727272,0.6666666666666666,0.8,5.0
tr07-0650,0.9333333333333333,0.875,1.0,7.0
tr07-0662,0.8,1.0,0.6666666666666666,6.0
tr07-0665,0.6666666666666666,0.5,1.0,5.0
tr07-0675,0.25,1.0,0.14285714285714285,7.0
tr07-0681,0.0,0.0,0.0,8.0
tr07-0687,0.3333333333333333,0.2222222222222222,0.6666666666666666,3.0
tr07-0691,0.6250000000000001,0.5555555555555556,0.7142857142857143,7.0
tr07-0703,0.6666666666666666,0.5,1.0,4.0
tr07-0709,0.4,0.6666666666666666,0.2857142857142857,7.0
tr07-0718,0.625,0.625,0.625,8.0
tr07-0752,0.75,0.8571428571428571,0.6666666666666666,9.0
tr07-0761,0.6666666666666665,0.75,0.6,5.0
tr07-0770,0.6,0.75,0.5,6.0
tr07-0771,0.6,0.6,0.6,5.0
tr07-0782,0.5454545454545454,1.0,0.375,8.0
tr07-0786,0.75,0.75,0.75,8.0
tr07-0796,0.8571428571428571,0.75,1.0,3.0
tr07-0804,0.7272727272727273,0.5714285714285714,1.0,4.0
tr07-0820,0.5454545454545454,1.0,0.375,8.0
tr07-0828,0.6153846153846153,0.5714285714285714,0.6666666666666666,6.0
tr07-0830,0.7142857142857143,0.7142857142857143,0.7142857142857143,7.0
tr07-0841,0.8,1.0,0.6666666666666666,9.0
tr07-0848,0.7499999999999999,1.0,0.6,5.0
tr07-0861,0.7272727272727273,0.5714285714285714,1.0,4.0
tr07-0865,0.7499999999999999,0.6,1.0,6.0
tr07-0874,0.7272727272727273,1.0,0.5714285714285714,7.0
tr07-0891,0.4,1.0,0.25,4.0
tr07-0894,0.7058823529411765,0.6666666666666666,0.75,8.0
tr07-0895,0.6666666666666666,1.0,0.5,4.0
tr07-0902,0.888888888888889,0.8,1.0,4.0
tr07-0906,0.7692307692307692,0.7142857142857143,0.8333333333333334,6.0
tr07-0909,0.36363636363636365,0.2857142857142857,0.5,4.0
tr07-0913,0.5,0.4444444444444444,0.5714285714285714,7.0
tr07-0918,0.8,0.6666666666666666,1.0,2.0
tr08-0010,0.6666666666666665,0.75,0.6,5.0
tr08-0021,0.6666666666666666,0.5,1.0,4.0
tr08-0030,0.8333333333333333,1.0,0.7142857142857143,7.0
tr08-0105,0.8,0.6666666666666666,1.0,4.0
tr08-0111,0.3333333333333333,0.3333333333333333,0.3333333333333333,6.0
tr08-0113,0.7272727272727272,0.8,0.6666666666666666,6.0
tr08-0137,0.8333333333333334,0.8333333333333334,0.8333333333333334,6.0
tr08-0139,0.7142857142857143,0.625,0.8333333333333334,6.0
tr08-0140,0.8,1.0,0.6666666666666666,3.0
tr08-0156,0.6666666666666666,1.0,0.5,6.0
tr08-0157,0.888888888888889,0.8,1.0,4.0
tr08-0159,0.631578947368421,0.5,0.8571428571428571,7.0
tr08-0168,0.0,0.0,0.0,5.0
tr08-0183,0.5,0.3333333333333333,1.0,2.0
tr08-0192,1.0,1.0,1.0,5.0
tr08-0214,0.6,0.5,0.75,4.0
tr08-0245,0.7058823529411765,0.75,0.6666666666666666,9.0
tr08-0256,0.8235294117647058,0.7,1.0,7.0
tr08-0266,0.5,1.0,0.3333333333333333,3.0
tr08-0280,0.7142857142857143,0.625,0.8333333333333334,6.0
tr08-0287,0.6,0.5,0.75,4.0
tr08-0295,0.4444444444444445,0.4,0.5,4.0
tr08-0303,0.0,0.0,0.0,5.0
tr08-0310,0.6666666666666666,0.8,0.5714285714285714,7.0
tr08-0314,0.0,0.0,0.0,6.0
tr08-0315,0.7272727272727273,0.5714285714285714,1.0,4.0
tr08-0336,1.0,1.0,1.0,11.0
tr08-0347,0.8333333333333334,0.8333333333333334,0.8333333333333334,6.0
tr08-0348,0.9411764705882353,0.8888888888888888,1.0,8.0
tr08-0351,1.0,1.0,1.0,2.0
tr08-0353,0.6666666666666665,0.75,0.6,5.0
tr08-0356,0.0,0.0,0.0,7.0
tr09-0040,0.6666666666666666,1.0,0.5,6.0
tr09-0044,0.5714285714285715,0.6666666666666666,0.5,4.0
tr09-0049,1.0,1.0,1.0,5.0
tr09-0050,0.6,0.75,0.5,6.0
tr09-0051,0.19999999999999998,1.0,0.1111111111111111,9.0
tr09-0065,1.0,1.0,1.0,7.0
tr09-0068,0.4444444444444445,1.0,0.2857142857142857,7.0
tr09-0070,0.5,0.4,0.6666666666666666,3.0
tr09-0082,1.0,1.0,1.0,5.0
tr09-0086,0.9333333333333333,0.875,1.0,7.0
tr09-0122,0.36363636363636365,0.6666666666666666,0.25,8.0
tr09-0129,0.5,1.0,0.3333333333333333,6.0
tr09-0159,0.4615384615384615,1.0,0.3,10.0
tr09-0175,0.6153846153846153,0.6666666666666666,0.5714285714285714,7.0
tr09-0186,0.6666666666666666,0.6666666666666666,0.6666666666666666,6.0
tr09-0205,0.4444444444444445,0.2857142857142857,1.0,2.0
tr09-0217,0.6153846153846154,0.5,0.8,5.0
tr09-0220,0.6,0.42857142857142855,1.0,3.0
tr09-0237,0.8333333333333334,0.8333333333333334,0.8333333333333334,6.0
tr09-0246,0.8,0.6666666666666666,1.0,4.0
tr09-0296,0.7499999999999999,1.0,0.6,10.0
tr09-0328,0.6666666666666666,0.5714285714285714,0.8,5.0
tr09-0331,0.7142857142857143,1.0,0.5555555555555556,9.0
tr09-0334,0.7058823529411765,0.75,0.6666666666666666,9.0
tr09-0423,0.8571428571428571,1.0,0.75,4.0
tr09-0436,0.9090909090909091,0.8333333333333334,1.0,5.0
tr09-0453,0.6,0.6,0.6,5.0
tr09-0469,0.9090909090909091,0.8333333333333334,1.0,5.0
tr09-0471,0.9090909090909091,0.8333333333333334,1.0,5.0
tr09-0473,0.8333333333333333,0.7142857142857143,1.0,5.0
tr09-0478,0.5,1.0,0.3333333333333333,3.0
tr09-0489,1.0,1.0,1.0,5.0
tr09-0507,0.4444444444444445,0.5,0.4,5.0
tr09-0511,0.6,0.6,0.6,5.0
tr09-0520,0.6666666666666666,0.5,1.0,2.0
tr09-0527,0.8,0.6666666666666666,1.0,2.0
tr09-0533,0.5,1.0,0.3333333333333333,3.0
tr09-0541,0.75,0.75,0.75,4.0
tr09-0553,0.5714285714285715,0.6666666666666666,0.5,4.0
tr09-0558,0.7272727272727273,0.5714285714285714,1.0,4.0
tr09-0567,0.0,0.0,0.0,8.0
tr09-0568,0.0,0.0,0.0,5.0
tr09-0575,0.7692307692307693,0.625,1.0,5.0
tr09-0580,0.8571428571428571,1.0,0.75,8.0
tr09-0593,0.0,0.0,0.0,2.0
tr09-0600,0.8750000000000001,0.7777777777777778,1.0,7.0
tr09-0636,0.7777777777777777,0.875,0.7,10.0
tr09-0647,0.5714285714285715,0.6666666666666666,0.5,4.0
tr10-0006,0.28571428571428575,0.25,0.3333333333333333,6.0
tr10-0036,1.0,1.0,1.0,9.0
tr10-0044,0.3076923076923077,0.4,0.25,8.0
tr10-0047,0.3333333333333333,0.5,0.25,4.0
tr10-0059,0.6,0.5,0.75,4.0
tr10-0077,0.5,0.6666666666666666,0.4,5.0
tr10-0084,0.5,0.5,0.5,6.0
tr10-0094,0.5333333333333333,0.5,0.5714285714285714,7.0
tr10-0108,0.5714285714285715,0.4,1.0,4.0
tr10-0114,0.5,0.3333333333333333,1.0,3.0
tr10-0141,0.888888888888889,1.0,0.8,5.0
tr10-0169,0.3333333333333333,0.25,0.5,2.0
tr10-0191,0.5,1.0,0.3333333333333333,3.0
tr10-0247,0.6666666666666666,0.625,0.7142857142857143,7.0
tr10-0251,0.22222222222222224,0.25,0.2,5.0
tr10-0263,0.823529411764706,0.7777777777777778,0.875,8.0
tr10-0306,0.5,0.5,0.5,2.0
tr10-0336,0.8571428571428571,1.0,0.75,8.0
tr10-0350,0.5,0.5,0.5,4.0
tr10-0363,0.0,0.0,0.0,6.0
tr10-0368,0.0,0.0,0.0,3.0
tr10-0392,1.0,1.0,1.0,5.0
tr10-0413,0.8571428571428571,0.75,1.0,6.0
tr10-0423,0.631578947368421,0.5,0.8571428571428571,7.0
tr10-0442,0.75,0.75,0.75,8.0
tr10-0447,0.9090909090909091,0.9090909090909091,0.9090909090909091,11.0
tr10-0477,0.28571428571428575,0.25,0.3333333333333333,6.0
tr10-0509,0.6666666666666666,0.5,1.0,2.0
tr10-0511,0.6666666666666666,0.5,1.0,4.0
tr10-0512,0.8571428571428571,0.8571428571428571,0.8571428571428571,7.0
tr10-0536,0.5714285714285715,0.4,1.0,2.0
tr10-0554,0.6363636363636364,0.6363636363636364,0.6363636363636364,11.0
tr10-0591,0.7058823529411764,0.6,0.8571428571428571,7.0
tr10-0592,0.25,0.3333333333333333,0.2,5.0
tr10-0598,0.0,0.0,0.0,5.0
tr10-0621,0.4444444444444445,1.0,0.2857142857142857,7.0
tr10-0626,0.14285714285714288,0.07692307692307693,1.0,1.0
tr10-0628,0.4705882352941177,0.36363636363636365,0.6666666666666666,6.0
tr10-0635,0.28571428571428575,0.2,0.5,2.0
tr10-0704,0.6666666666666666,1.0,0.5,2.0
tr10-0707,0.8,0.6666666666666666,1.0,4.0
tr10-0728,0.5,1.0,0.3333333333333333,6.0
tr10-0731,0.7272727272727272,0.8,0.6666666666666666,6.0
tr10-0740,0.888888888888889,1.0,0.8,5.0
tr10-0752,0.0,0.0,0.0,4.0
tr10-0762,1.0,1.0,1.0,6.0
tr10-0768,0.6,0.5,0.75,4.0
tr10-0771,0.9090909090909091,1.0,0.8333333333333334,6.0
tr10-0808,0.7058823529411765,0.6666666666666666,0.75,8.0
tr10-0832,1.0,1.0,1.0,5.0
tr10-0853,0.2857142857142857,1.0,0.16666666666666666,6.0
tr10-0864,0.923076923076923,1.0,0.8571428571428571,7.0
tr10-0869,1.0,1.0,1.0,3.0
tr10-0872,0.8235294117647058,1.0,0.7,10.0
tr11-0006,0.5714285714285714,0.5714285714285714,0.5714285714285714,7.0
tr11-0016,0.7499999999999999,1.0,0.6,10.0
tr11-0024,0.8333333333333333,0.7142857142857143,1.0,5.0
tr11-0025,0.888888888888889,1.0,0.8,5.0
tr11-0029,1.0,1.0,1.0,2.0
tr11-0042,1.0,1.0,1.0,9.0
tr11-0050,1.0,1.0,1.0,6.0
tr11-0059,0.8333333333333333,0.7142857142857143,1.0,5.0
tr11-0064,0.4444444444444445,0.2857142857142857,1.0,2.0
tr11-0072,0.5882352941176471,0.5555555555555556,0.625,8.0
tr11-0074,0.5,1.0,0.3333333333333333,3.0
tr11-0080,0.36363636363636365,0.25,0.6666666666666666,3.0
tr11-0101,0.0,0.0,0.0,6.0
tr11-0120,0.9090909090909091,0.8333333333333334,1.0,5.0
tr11-0125,0.7692307692307692,0.8333333333333334,0.7142857142857143,7.0
tr11-0200,0.5555555555555556,0.45454545454545453,0.7142857142857143,7.0
tr11-0324,0.7777777777777777,0.875,0.7,10.0
tr11-0326,0.7142857142857143,0.7142857142857143,0.7142857142857143,7.0
tr11-0334,0.75,0.8571428571428571,0.6666666666666666,9.0
tr11-0335,0.25,0.3333333333333333,0.2,5.0
tr11-0338,0.0,0.0,0.0,4.0
tr11-0339,0.3333333333333333,0.6666666666666666,0.2222222222222222,9.0
tr11-0347,0.0,0.0,0.0,6.0
tr11-0350,0.0,0.0,0.0,5.0
tr11-0354,0.4444444444444444,0.6666666666666666,0.3333333333333333,6.0
tr11-0377,0.888888888888889,0.8,1.0,4.0
tr11-0403,0.2222222222222222,1.0,0.125,8.0
tr11-0417,0.7142857142857143,0.7142857142857143,0.7142857142857143,7.0
tr11-0432,0.5714285714285715,0.6666666666666666,0.5,4.0
tr11-0436,1.0,1.0,1.0,8.0
tr11-0452,0.5,1.0,0.3333333333333333,3.0
tr11-0457,0.3333333333333333,0.25,0.5,2.0
tr11-0459,0.7142857142857143,0.625,0.8333333333333334,6.0
tr11-0471,0.8181818181818181,0.6923076923076923,1.0,9.0
tr11-0479,0.5454545454545454,1.0,0.375,8.0
tr11-0481,0.8,0.6666666666666666,1.0,4.0
tr11-0503,0.5,0.5,0.5,2.0
tr11-0509,1.0,1.0,1.0,6.0
tr11-0510,0.923076923076923,0.8571428571428571,1.0,6.0
tr11-0516,0.22222222222222224,0.25,0.2,5.0
tr11-0537,0.5454545454545454,0.75,0.42857142857142855,7.0
tr11-0563,0.5714285714285715,0.6666666666666666,0.5,8.0
tr11-0565,0.823529411764706,0.7777777777777778,0.875,8.0
tr11-0573,0.0,0.0,0.0,4.0
tr11-0577,0.9090909090909091,0.8333333333333334,1.0,5.0
tr11-0584,0.7142857142857143,0.5555555555555556,1.0,5.0
tr11-0587,0.7272727272727272,0.6666666666666666,0.8,5.0
tr11-0590,0.6666666666666666,1.0,0.5,4.0
tr11-0592,0.875,0.875,0.875,8.0
tr11-0612,0.3333333333333333,0.25,0.5,2.0
tr11-0640,1.0,1.0,1.0,5.0
tr11-0644,0.6666666666666666,0.8,0.5714285714285714,7.0
tr11-0655,0.7272727272727273,0.5714285714285714,1.0,4.0
tr11-0659,0.6666666666666666,1.0,0.5,2.0
tr11-0676,0.7499999999999999,0.6,1.0,6.0
tr11-0708,0.7272727272727273,0.5714285714285714,1.0,4.0
tr11-0734,0.5,0.6,0.42857142857142855,7.0
tr11-0736,0.5,0.5,0.5,4.0
tr11-0767,0.18181818181818182,0.14285714285714285,0.25,4.0
tr11-0786,0.4285714285714285,0.3,0.75,4.0
tr11-0792,0.9411764705882353,1.0,0.8888888888888888,9.0
tr12-0003,0.8333333333333333,0.7142857142857143,1.0,5.0
tr12-0009,0.6666666666666666,1.0,0.5,4.0
tr12-0015,0.8571428571428571,0.75,1.0,3.0
tr12-0051,0.6666666666666665,0.6,0.75,4.0
tr12-0058,0.4,1.0,0.25,4.0
tr12-0061,0.4,0.6666666666666666,0.2857142857142857,7.0
tr12-0064,0.4444444444444445,0.4,0.5,4.0
tr12-0095,0.4615384615384615,1.0,0.3,10.0
tr12-0097,1.0,1.0,1.0,4.0
tr12-0106,0.8571428571428572,0.9,0.8181818181818182,11.0
tr12-0108,0.5454545454545454,0.375,1.0,3.0
tr12-0115,0.923076923076923,1.0,0.8571428571428571,7.0
tr12-0120,0.6,0.5,0.75,4.0
tr12-0121,0.6666666666666666,1.0,0.5,8.0
tr12-0122,0.8571428571428571,0.8571428571428571,0.8571428571428571,7.0
tr12-0135,0.5,1.0,0.3333333333333333,6.0
tr12-0169,0.6666666666666666,0.5714285714285714,0.8,5.0
tr12-0170,0.8888888888888888,0.8888888888888888,0.8888888888888888,9.0
tr12-0173,0.9473684210526316,0.9,1.0,9.0
tr12-0185,0.4444444444444445,0.4,0.5,4.0
tr12-0209,0.4444444444444444,0.6666666666666666,0.3333333333333333,6.0
tr12-0229,0.8,0.6666666666666666,1.0,6.0
tr12-0241,0.8695652173913044,0.7692307692307693,1.0,10.0
tr12-0243,0.8,1.0,0.6666666666666666,6.0
tr12-0244,0.8333333333333334,0.8333333333333334,0.8333333333333334,6.0
tr12-0247,0.8,0.6666666666666666,1.0,2.0
tr12-0248,0.7058823529411764,0.6,0.8571428571428571,7.0
tr12-0253,0.5714285714285714,0.5714285714285714,0.5714285714285714,7.0
tr12-0255,0.888888888888889,0.8,1.0,4.0
tr12-0261,0.7692307692307692,0.8333333333333334,0.7142857142857143,7.0
tr12-0277,0.5,0.5,0.5,6.0
tr12-0279,0.33333333333333337,1.0,0.2,5.0
tr12-0308,0.7692307692307692,0.8333333333333334,0.7142857142857143,7.0
tr12-0310,0.75,0.75,0.75,4.0
tr12-0321,1.0,1.0,1.0,5.0
tr12-0339,0.7499999999999999,1.0,0.6,5.0
tr12-0348,0.8333333333333334,0.8333333333333334,0.8333333333333334,6.0
tr12-0364,0.4444444444444445,0.2857142857142857,1.0,2.0
tr12-0368,0.22222222222222224,0.25,0.2,5.0
tr12-0375,0.0,0.0,0.0,5.0
tr12-0395,0.28571428571428575,0.5,0.2,5.0
tr12-0404,0.5454545454545454,0.375,1.0,3.0
tr12-0408,0.5714285714285715,1.0,0.4,5.0
tr12-0410,0.7142857142857143,0.8333333333333334,0.625,8.0
tr12-0412,0.4444444444444444,0.6666666666666666,0.3333333333333333,6.0
tr12-0414,0.5,0.5,0.5,6.0
tr12-0425,0.7692307692307692,0.8333333333333334,0.7142857142857143,7.0
tr12-0426,0.888888888888889,0.8,1.0,8.0
tr12-0438,0.7692307692307692,0.8333333333333334,0.7142857142857143,7.0
tr12-0439,0.5714285714285715,1.0,0.4,5.0
tr12-0440,0.6666666666666666,0.5,1.0,2.0
tr12-0441,0.25,0.3333333333333333,0.2,5.0
tr12-0448,0.5,0.6666666666666666,0.4,5.0
tr12-0463,0.8333333333333333,1.0,0.7142857142857143,7.0
tr12-0476,0.0,0.0,0.0,6.0
tr12-0477,0.6666666666666665,0.75,0.6,5.0
tr12-0481,0.6666666666666665,0.75,0.6,10.0
tr12-0490,0.7272727272727273,0.5714285714285714,1.0,4.0
tr12-0492,0.33333333333333337,1.0,0.2,5.0
tr12-0493,0.5882352941176471,0.5555555555555556,0.625,8.0
tr12-0497,0.6250000000000001,0.5555555555555556,0.7142857142857143,7.0
tr12-0503,1.0,1.0,1.0,12.0
tr12-0509,0.46153846153846156,0.75,0.3333333333333333,9.0
tr12-0512,0.5454545454545454,0.75,0.42857142857142855,7.0
tr12-0515,0.3636363636363636,0.3333333333333333,0.4,5.0
tr12-0519,0.6666666666666667,0.8333333333333334,0.5555555555555556,9.0
tr12-0520,0.7999999999999999,0.75,0.8571428571428571,7.0
tr12-0522,0.2222222222222222,0.125,1.0,1.0
tr12-0530,0.875,0.875,0.875,8.0
tr12-0532,0.0,0.0,0.0,8.0
tr12-0549,0.75,0.6666666666666666,0.8571428571428571,7.0
tr12-0559,0.8571428571428571,0.75,1.0,6.0
tr12-0560,0.4444444444444445,1.0,0.2857142857142857,7.0
tr12-0573,0.8,0.6666666666666666,1.0,6.0
tr12-0607,0.3333333333333333,0.5,0.25,4.0
tr12-0619,0.6666666666666666,0.6666666666666666,0.6666666666666666,3.0
tr12-0646,1.0,1.0,1.0,6.0
tr12-0672,0.631578947368421,0.5,0.8571428571428571,7.0
tr12-0681,1.0,1.0,1.0,7.0
tr12-0682,0.36363636363636365,0.6666666666666666,0.25,8.0
tr12-0684,1.0,1.0,1.0,5.0
tr12-0685,1.0,1.0,1.0,3.0
tr12-0687,0.0,0.0,0.0,7.0
tr12-0697,0.5,0.6666666666666666,0.4,5.0
tr12-0804,0.16666666666666669,1.0,0.09090909090909091,11.0
tr13-0056,0.8421052631578948,0.8888888888888888,0.8,10.0
tr13-0069,0.0,0.0,0.0,7.0
tr13-0076,0.6666666666666666,0.7142857142857143,0.625,8.0
tr13-0080,0.923076923076923,0.8571428571428571,1.0,6.0
tr13-0084,0.0,0.0,0.0,5.0
tr13-0093,0.8235294117647058,0.7,1.0,7.0
tr13-0101,0.888888888888889,0.8,1.0,8.0
tr13-0128,0.8571428571428571,0.8571428571428571,0.8571428571428571,7.0
tr13-0129,0.5,0.5555555555555556,0.45454545454545453,11.0
tr13-0140,0.5882352941176471,0.625,0.5555555555555556,9.0
tr13-0145,1.0,1.0,1.0,2.0
tr13-0164,0.6,0.6,0.6,5.0
tr13-0170,0.7368421052631579,0.6363636363636364,0.875,8.0
tr13-0187,0.8,1.0,0.6666666666666666,6.0
tr13-0202,1.0,1.0,1.0,7.0
tr13-0204,0.4,0.25,1.0,1.0
tr13-0208,0.75,0.8571428571428571,0.6666666666666666,9.0
tr13-0212,1.0,1.0,1.0,8.0
tr13-0220,0.8750000000000001,0.7777777777777778,1.0,7.0
tr13-0226,0.9090909090909091,1.0,0.8333333333333334,6.0
tr13-0250,0.6666666666666666,0.625,0.7142857142857143,7.0
tr13-0255,0.42857142857142855,0.42857142857142855,0.42857142857142855,7.0
tr13-0367,0.9090909090909091,1.0,0.8333333333333334,6.0
tr13-0372,0.36363636363636365,0.6666666666666666,0.25,8.0
tr13-0374,0.6666666666666666,1.0,0.5,6.0
tr13-0379,0.6666666666666666,0.5,1.0,5.0
tr13-0383,0.4444444444444445,0.5,0.4,5.0
tr13-0387,0.8000000000000002,0.8,0.8,5.0
tr13-0425,0.6666666666666667,0.8333333333333334,0.5555555555555556,9.0
tr13-0438,0.631578947368421,0.46153846153846156,1.0,6.0
tr13-0447,0.0,0.0,0.0,5.0
tr13-0448,0.6666666666666665,0.75,0.6,5.0
tr13-0464,0.4444444444444445,1.0,0.2857142857142857,7.0
tr13-0475,0.7499999999999999,0.6,1.0,6.0
tr13-0492,0.888888888888889,1.0,0.8,5.0
tr13-0493,0.5714285714285715,0.5,0.6666666666666666,3.0
tr13-0505,0.8,1.0,0.6666666666666666,6.0
tr13-0508,0.5,0.5,0.5,6.0
tr13-0517,0.6,0.42857142857142855,1.0,3.0
tr13-0518,1.0,1.0,1.0,7.0
tr13-0525,0.7692307692307692,0.7142857142857143,0.8333333333333334,6.0
tr13-0538,0.6666666666666666,1.0,0.5,8.0
tr13-0547,0.6666666666666665,0.6,0.75,4.0
tr13-0549,0.875,0.875,0.875,8.0
tr13-0551,0.2,0.25,0.16666666666666666,6.0
tr13-0566,0.2222222222222222,1.0,0.125,8.0
tr13-0567,0.2857142857142857,1.0,0.16666666666666666,6.0
tr13-0576,0.8571428571428571,0.8571428571428571,0.8571428571428571,7.0
tr13-0589,0.4,0.3,0.6,5.0
tr13-0607,0.5,0.5,0.5,2.0
tr13-0615,0.20000000000000004,0.2,0.2,5.0
tr13-0621,0.8571428571428571,0.75,1.0,6.0
tr13-0627,0.88,1.0,0.7857142857142857,14.0
tr13-0638,0.6153846153846153,1.0,0.4444444444444444,9.0
tr13-0646,0.6666666666666666,0.5714285714285714,0.8,5.0
tr13-0653,0.5,0.5,0.5,8.0
tr13-0681,0.8333333333333334,0.8333333333333334,0.8333333333333334,6.0
tr13-0686,0.6666666666666666,0.6666666666666666,0.6666666666666666,6.0
tr13-0801,0.4444444444444445,1.0,0.2857142857142857,7.0
tr13-0819,0.888888888888889,1.0,0.8,5.0
tr14-0003,0.8750000000000001,0.7777777777777778,1.0,7.0
tr14-0011,0.8000000000000002,0.8,0.8,5.0
tr14-0016,0.9411764705882353,0.8888888888888888,1.0,8.0
tr14-0037,0.8333333333333334,0.8333333333333334,0.8333333333333334,6.0
tr14-0064,0.3333333333333333,0.3333333333333333,0.3333333333333333,3.0
tr14-0102,1.0,1.0,1.0,2.0
tr14-0110,0.47058823529411764,0.4444444444444444,0.5,8.0
tr14-0112,0.923076923076923,0.8571428571428571,1.0,6.0
tr14-0167,0.5454545454545454,0.42857142857142855,0.75,4.0
tr14-0182,0.875,0.875,0.875,8.0
tr14-0185,0.5454545454545454,0.6,0.5,6.0
tr14-0193,1.0,1.0,1.0,4.0
tr14-0206,0.8,0.6666666666666666,1.0,6.0
tr14-0231,0.9,0.8181818181818182,1.0,9.0
tr14-0240,0.6666666666666665,0.75,0.6,5.0
tr14-0258,0.7499999999999999,0.6,1.0,3.0
tr14-0268,0.7272727272727272,0.8,0.6666666666666666,6.0
tr14-0272,0.75,0.6666666666666666,0.8571428571428571,7.0
tr14-0278,0.7692307692307693,1.0,0.625,8.0
tr14-0291,0.0,0.0,0.0,3.0
micro avg,0.6561430201597566,0.6561430201597566,0.6561430201597566,10516.0
macro avg,0.6228099728179995,0.6606087033787382,0.6651908014152912,10516.0
weighted avg,0.6354944394416325,0.6920705859634577,0.6561430201597566,10516.0
